Charge Description,"CurrentPrice"
,
(V)EEG SETUP PT EDU MIN 8 CH,"1,105"
2D TEE W W/O FOL W/CO INTC8925,"4,824"
3D PLANNING,"16,580"
5 HIAA RANDOM URINE,140
50/50 COAGULATION STUDY,310
7AC4 BILE ACID SYNTHESIS,187
AB HIV-2 MULTISPOT BO,165
AB IDENTIFICATION RBC EA PANE,757
AB SCREEN RBC EA SERUM TECH,648
ACETYCHOLINE RECEPT AB RIA,335
ACID FAST SMEAR BO,78
ACTH PLASMA,282
ACTIVATED PROTEIN C RESISTANCE,323
ACYLCARNITINE QUANT PLASMA,175
ADAMTS13 ASSAY,258
ADENOVIRUS ANTIBODY,106
ADH (VASOPRESSIN),218
ADL TRAINING 1TO1 E15M,179
ADMIN INFLUENZA VACCINE,136
ADMIN PNEUMOCCOCAL VACCINE,136
ADMIN VACCINE TOXOID EA ADD,56
AFB CULTURE BRONCHIAL ASP,171
AHG DIRECT POLY,178
ALBUMIN OTHER SOURCE EA,40
ALBUMIN SERUM/PLASMA WB,43
ALDOLASE SERUM,211
ALDOSTERONE SERUM OR URINE,274
ALKALINE PHOSPHATASE,43
ALPHA 1 ANTITRYPSIN STOOL,126
ALPHA 2 ANTIPLASMIN,65
ALPHA-1 ANTITRYPSIN MUTAT,378
ALPHA-1 ANTITRYPSIN PHENO,216
ALPHA-FETOPROTEIN TUMOR,299
ALT (SGPT) ALANINE AMINO,73
AMIKACIN LEVEL TROUGH,119
AMINO ACID SCREEN 6ORMORE PLAS,312
AMIODARONE LEVEL,48
AMMONIA SERUM OR PLASMA,82
AMP NA PROBE NOS RVPRAP BO2,314
AMPLIF NA PROBE VAGCAN BO,451
AMYLASE SERUM,79
ANAEROBIC CULTURE BO,178
ANAEROBIC ETEST CPT 87181,85
ANDROSTENEDIONE SERUM,525
ANESTHESIA SET-UP/SUP GEN,"2,345"
ANESTHESIA SET-UP/SUP LOC,935
ANESTHESIA SET-UP/SUP REG,"1,170"
ANGIOTENSIN 1-CONVENZYME (ACE),364
ANT SEG IMAGE W MICRO+CELL,265
ANTI DNA AB DOUBLE STR,227
ANTI DNASE B TITER,77
ANTI MULLERIAN HORMONE,269
ANTI NUCLEAR ANTIBODY,134
ANTI THYROID ANTIBODIES BO,327
ANTI THYROID PEROXIDASE AB,215
ANTIGEN VIII VW FACT ANTIGEN,638
ANTISTREPTOLYSIN O TITER,181
APPLICATION ON BODY INJECTOR,815
APTT PLASMA OR WHOLE BLD,79
"ARTERIAL PUNCTURE, BLD FOR DX",168
ASPERGILLUS AG BAL,132
ASPERGILUS PRECIP BO,49
AST (SGOT) TRANS ASP AMINO,74
ASTHMA PROFILE,73
AT3 ACTIVITY/AG REFLEX,255
AT3 ANTIGEN ASSAY,187
BABESIA AB TICKS BO,215
BACTERIAL VAGINOSIS PANEL,126
BASIC DOSIMETRY,"1,875"
BASIC METABOLIC PANEL W/TOT CA,184
BCID PANEL BLOOD CULT PCR BO,125
BCL2 IGH GENE REARRANGEMENT,519
BEH QLTV ANLYS OF VOICE RESO,612
BENCE JONES/PROTEIN URINE,205
BETA 2 GLYCOPROTEIN 1 AB SCR,121
BETA 2 MICROGLOBULIN SERUM,173
BETA GLOBIN COMPLETE,812
BILIRUBIN DIRECT BILITD BO,93
BILIRUBIN TOTAL AND DIRECT,121
BILL HEAVY METAL CADMIUM,155
BIPAP/CPAP SUBSEQUENT DAY,"1,161"
BLASTOMYCES ANTIBODY,59
BLD TYP AG SCRN PAT SRM PER U,62
BLD TYP RBC AG NOT ABO RH EA,444
BLOOD GAS ANALYSIS,548
BLOOD TYPING ABO,276
BLOOD TYPING RH D,308
BONE MARROW SMR INTERP,"1,937"
BONE SPECIFIC ALK PHOSPHATASE,121
BRACHY PLAN C,"6,050"
BRACHY PLAN I,"3,939"
BRACHY PLAN S,"3,339"
BRUCELLA ANTIBODIES,113
BUN (UREA NITROGEN),33
C PEPTIDE,216
C3 NEPHT FT SERUM,207
C4 COMPLEMENT,171
CA 125,495
CA 19-9,296
CA 27-29,484
CAFFEINE LEVEL,103
CALCITONIN BLOOD,124
CALCIUM IONIZED WB,358
CALCULUS (STONE) QUANT,149
CALPROTECTIN FECAL,301
CANDIDA AMP PROB VAGPLUS BO,525
CARBAMAZEPINE(TEGRET)LVL TOT,181
CARBOXYHEMOGLOBIN QUANTITATIVE,67
CARDIAC CATH LAB ADDTL 0.5 HR,"2,945"
CARDIAC CATH LAB UP TO 0.5 HR,"22,115"
CARDIOLIPIN AB SCREEN/REFLEX,538
CARDIOPULMONARY EXERCISE TEST,"1,965"
CAROTENE SERUM,60
CAT SCRATCH BARTONELLA BO,77
CATECHOLAMINES TIMED URINE,517
CAV3 FULL GENE SEQ LONGQT BO,"1,111"
CBC COMPLETE BLD COUNT,68
CBC WITH AUTO DIFFERENTIAL,156
CDC COVID 19 PCR MANUAL,314
CDU BAMLANIVIMAB INF W MONITOR,938
CDU CASIRIVIM INDEVIM INF WMON,938
CEA SERUM,278
CELL CNT BODY FLUIDS NOT BLD,72
CELL CNT BODY FLUIDS W DIFF,147
CERULOPLASMIN SERUM,123
CH50 COMPLEMENT,299
CHEMO ADM HORMONAL SQ IM,"1,029"
CHEMO ADM NON HORM SQ IM,"1,391"
CHEMO ADMIN IVP EA ADD DRUG,"1,253"
CHEMO ADMIN IVP SNG/INIT DRUG,"1,927"
CHEMO INFUSN EA ADD SEQ TO 1HR,"1,546"
CHEMO IV INFUSION  EA ADD HR,"1,382"
CHEMO IV INFUSION INIT TO 1HR,"3,196"
CHIKUNGUNYA AB IGG IGM W REF,159
CHLAM PN AMP PROBE RVPRAP BO3,228
CHLAMYDIA ANTIBODIES BO,132
CHLAMYDIA ANTIBODIES IGM BO,122
CHLM TRAC DNA PROB BO,213
CHLORIDE OTHER FLUID,33
CHLORIDE URINE RANDOM,36
CHOLESTEROL FLUID,69
CHOLESTEROL SERUM,54
CHROMOGRANIN A,283
CK MB FRACTION,93
CK TOTAL,72
CLINICAL EVAL SWALLOWING FUNC,300
CLOBAZAM LEVEL SERUM,287
CLOSTRIDIUM DIFFICILE BY PCR,230
CLOZAPINE LEVEL,115
CMV BY PCR QUANT,937
COCCIDIOIDES ANTIBODY,101
COLD AGGLUTININS TITER,33
COMPAT TEST EA U ANTIGLOBULIN,224
COMPAT TEST EA U ELECTRONIC,195
COMPAT TEST EA U IMMED SPIN,271
COMPATIBILITY TEST INCUBATE,175
COMPREHENSIVE METABOLIC PANEL,339
CONCENTRATION INFECT AGENT BO,72
CONSUL REP ON REFER SLIDES,512
CONSULT REP PREP OF SLIDES,288
CONT RAD  PHYS  WEEKLY,"1,975"
COPPER LEVEL,144
CORONAVIRUS SWAB SPEC LABTECH,83
CORTISOL AM TOTAL SERUM,112
COVID19 AMPPROB HITHRU 2DAY BO,63
COVID19 AMPPROBE HI THROUGHPUT,671
COVID19 AMPPROBE NO HI THRUPUT,447
COVID-19 IGG ANTIBODY,106
COXSACKIE B ANTIBODIES,75
C-REACTIVE PROTEIN,217
CREATININE CLEARANCE,56
CREATININE TPCRU BO,107
CRP HIGH SENS CARDIAC,277
CRYOGLOBULIN,60
CRYPTOCOCCUS ANTIBODY,101
CRYPTOCOCUS AGGL SCRN AB SERUM,108
CRYSTAL ID SYNOVIAL FLUID,80
CSF PCR PANEL,"1,944"
CT ABDOMEN AND PELVIS,"4,469"
CT ABDOMEN AND PELVIS OC IC,"6,140"
CT ABDOMEN AND PELVIS WAW IC,"6,695"
CT ABDOMEN ONLY,"1,202"
CT ABDOMEN ONLY OC IC,"1,505"
CT ABDOMEN ONLY WAW IC,"2,494"
CT ANGIO ABD AOR W RUN(W)AW IC,"1,558"
CT ANGIO ABD PELV (W)AW IC,"7,078"
CT ANGIO ABDOMEN ONLY (W)AW IC,"2,480"
CT ANGIO BRAIN (W)AW IC,"4,323"
CT ANGIO CHEST PE PROTOCOL IC,"4,343"
CT ANGIO HEART CORONARY IC,"3,965"
CT ANGIO LWR EXT (W)AW IC RT,"2,167"
CT ANGIO NECK (W)AW IC,"4,323"
CT ANGIO PELVIS ONLY (W)AW IC,"1,642"
CT ANGIO UPR EXT (W)AW IC LT,"1,489"
CT BRAIN,"1,833"
CT BRAIN IC,"2,231"
CT BRAIN WAW IC,"2,558"
CT CERVICAL SPINE,"1,509"
CT CERVICAL SPINE IC,"1,761"
CT CHEST,"1,771"
CT CHEST IC,"2,700"
CT CHEST WAW IC,"2,824"
CT GDE FOR PLACEMENT RT FIELDS,"1,428"
CT GUIDANCE NDL PLC SI,"1,221"
CT GUIDANCE TISSUE ABLAT,"1,111"
CT HEART CALCIUM SCORE,321
CT HEART CONGENITAL IC,"1,801"
CT HEART OTHER IC,"1,152"
CT INJ SI JOINT THERAP LT SISC,"2,757"
CT LUMBAR SPINE,"1,195"
CT LUMBAR SPINE IC,"2,006"
CT LUMBAR SPINE WAW IC,"2,101"
CT LWR EXT IC LT,"1,811"
CT LWR EXT LT,"1,401"
CT LWR EXT WAW IC RT,"1,933"
CT MAXILLOFACIAL,"2,969"
CT MAXILLOFACIAL  IC,"3,338"
CT MAXILLOFACIAL WAW IC,"4,121"
CT NECK SOFT TISSUE,"2,762"
CT NECK SOFT TISSUE IC,"3,467"
CT NECK SOFT TISSUE WAW IC,"4,995"
CT ORBITS IC,"3,985"
CT PELVIS ONLY,"1,370"
CT PELVIS ONLY IC,"2,355"
CT PELVIS ONLY WAW IC,"2,584"
CT PERFUSION W MAPS IC,"2,168"
CT SHOULDER ONLY RT,935
CT TEMPORAL BONES,"2,073"
CT THORACIC SPINE,"1,451"
CT THORACIC SPINE IC,"1,887"
CT UPR EXT IC RT,"1,475"
CULTURE BLOOD,149
CULTURE CHLAMYDIA,117
CULTURE FECES (STOOL),122
CULTURE SURG SWAB AER,360
CULTURE THROAT SCREEN,249
CULTURE URINE COL COUNT,263
CYCLIC CITRULLINATED PEP AB,148
CYCLOSPORINE LEVEL,178
CYSTINE URINE QUANT SGL,102
CYTO CONCENTRATION TECH,375
CYTO FLUIDS WASH BRUSH,390
CYTO LIQUID BASED NON GYN,464
CYTOKINE PANEL 12 IMM NOS BO,486
CYTOMEGALO CMV QUAL PCR SALIVA,359
CYTOMEGALOVIRUS (CMV) IGG AB,283
CYTOMEGALOVIRUS (CMV) IGM,201
D-DIMER QUANTITATIVE,122
DECALCIFICATION,136
DEVICE COMPLEX,"4,356"
DEVICE INTERMEDIATE,"2,329"
DEVICE SIMPLE,"1,809"
DIFFUSING CAPACITY,742
DIGITOXIN LEVEL,118
DIGOXIN LEVEL TOTAL,88
DIHYDROPYRIMIDINE DEHY DPD MUT,438
DILANTIN (PHENYTOIN)TOT LVL,143
DILANTIN FREE (PHENYTOIN) LVL,110
DNA ANTIBODY SINGLE STRANDED,90
DOP ECHO F/U LTD W/ SPEC 93321,"1,890"
DOPPL ECHO COLOR FLOW MAP93325,"1,694"
DOPPLER ECHO COMP W SPECT93320,"1,902"
DRUG SCREEN UR STAT,263
E&M ESTABLISHED PATIENT LEVEL5,"1,000"
E&M NEW PATIENT LEVEL 2,600
E&M NEW PATIENT LEVEL 4,"1,000"
E/M EST PT LEVEL 2,400
E/M EST PT LEVEL 4,800
EBV ANTIBODY PANEL BO,231
ECHO TRANSESOPH W/O CON/ 93312,"4,594"
ECHO TTE W/O CON F/U LTD 93308,"1,321"
ECHO TTE WITH CON COMP W DOPP,"4,506"
ECHO TTE WO CON COMP W DOPP,"4,291"
ECHO W BUBBLE WO DOP COMP93307,"1,659"
ECMO INITIATION VA,"3,699"
ECMO INITIATION VV,"3,327"
ECMO INSRT CNNULA(E)PERC MIN6Y,"5,099"
ECMO MANAGEMENT PER DAY VA,"2,370"
ECMO MANAGEMENT PER DAY VV,"2,576"
ECMO REPOS CNNULA(E)PERC MIN6Y,"1,446"
EEG 2-12HR CONTIN MON MAINT,"2,251"
EEG 2-12HR INTER MON MAINT,"2,164"
EEG 2-12HR UNMONITORED,"1,967"
EEG AWAKE AND ASLEEP,"3,800"
EEG CEREBRAL DEATH EVAL,"1,764"
EEG EA 12-26HR CONTIN MON MAIN,"4,502"
EEG EA 12-26HR INTER MON MAINT,"4,327"
EKG HOLTR UP TO 48 HR REC93225,852
ELASTASE STOOL,140
ELEC CONVUL THERAPY-SINGLE OPD,"2,334"
ELECTROLYTE PANEL,93
ELECTRON MICRO DX TC IN PC IN,"4,885"
ENA EA AB MYOMARKER3P BO,64
ENCEPHALOPATHY EVAL CSF,293
ENDOAB TITER EA AB BO,155
ENTEROVIRUS PCR,808
EPLEX RESP PNL GENMRK EA ANLYT,469
EPS LAB ADDTL 0.5 HR,"2,945"
EPS LAB UP TO 0.5 HR,"22,115"
EPSTEIN-BARR VIR EBNA AB BO,345
EPSTEIN-BARR VIRUS EA AB BO,280
ER ABSCESS ID COMP OR MULT,"1,934"
ER ADJ TIS TRAN ENEL <=10SQCM,"4,930"
ER ADJ TIS TRAN FCMNHF<=10SQCM,"4,360"
ER ADMIN VAC TOXOID,136
ER APPL FINGR SPLNT STC,304
ER APPL LONG ARM SPLINT,555
ER APPL LONGLEG SPLINT,579
ER APPL SHORTLEG SPLINT,554
ER APPL SHRTARM SPLNT ST,646
ER ARTERIAL CATHETRZATN,477
ER ASP INJ MED JNT WO US,"1,265"
ER AVULSN NAIL PLAT SNG,424
ER BURN INIT TX 1STDEGR,467
ER CHNGE CYSTO TUBE SMP,"1,161"
ER CLOS TX CALCNL FX WO M,"1,085"
ER CLOS TX CARP FX WO MAN,859
ER CLOS TX D PHALAN FX W M,932
ER CLOS TX D PHALAN FX WO M,597
ER CLOS TX FX MCPIP JNT W M,"1,916"
ER CLOS TX HIP DSLC TR WO A,865
ER CLOS TX IP JNT DSLC WO A,"1,438"
ER CLOS TX MCP DSLC WO ANE,824
ER CLOS TX MCP FX W M,"2,069"
ER CLOS TX MCP FX WO M,858
ER CLOS TX PHAL SHFT FX W M,"1,071"
ER CLOS TX PHAL SHFT FXWO M,665
ER CLOSTX ACRMCLAV DSL WM,"1,000"
ER CLOSTX ANKL DSLC WO A,"1,215"
ER CLOSTX BIMLR FX W MAN,"2,576"
ER CLOSTX CLAVICLE FX WOM,871
ER CLOSTX COLLESMITH FXWM,"5,628"
ER CLOSTX COLLESMITHFXWOM,"1,995"
ER CLOSTX DSTL FIB FX W M,"1,434"
ER CLOSTX DSTL FIB FXWO M,992
ER CLOSTX FX GT TOE W MN,802
ER CLOSTX FX GT TOE WO MN,523
ER CLOSTX FX PHALNX WO M,600
ER CLOSTX HIP ARTH DSLC,"1,262"
ER CLOSTX HUMER SCTCFXWOM,"1,112"
ER CLOSTX HUMER SHFT FXWM,"3,274"
ER CLOSTX HUMER TUBRFXWOM,826
ER CLOSTX HUMERL EC FXWOM,939
ER CLOSTX IP JNT DISLC,588
ER CLOSTX METATRS FX WO M,852
ER CLOSTX NASAL FX WOM,842
ER CLOSTX NASAL FX WSTABL,"5,317"
ER CLOSTX NASAL FXWOSTBL,"3,074"
ER CLOSTX NASAL SEPTL FX,"5,777"
ER CLOSTX NAVICULAR FX WM,"1,637"
ER CLOSTX NAVICULR FX WOM,836
ER CLOSTX PATELA DSLC WOA,"1,884"
ER CLOSTX PATELLA FX WO M,"2,024"
ER CLOSTX PROXHUMER FXWOM,"1,062"
ER CLOSTX PRX FIB FXWO M,800
ER CLOSTX RADIAL SHFFX WM,"1,750"
ER CLOSTX RADIAL ULN FX M,"4,691"
ER CLOSTX RADIALHD SBLXWM,498
ER CLOSTX SCAPULAR FX WOM,770
ER CLOSTX SHLDR DSLC WOAN,"4,269"
ER CLOSTX TIB SHFT FXWO M,"1,024"
ER CLOSTX TIBIA FX PWO M,909
ER CLOSTX TMJ DSL INI SUB,"1,011"
ER CLOSTX TRIMLR FX WO M,859
ER CLOSTX ULNA FX PROXWOM,852
ER CLOSTX ULNA SHFTFX WOM,662
ER CLOSTX ULNARSTYLOID FX,970
ER CLOSTXMED MALLE FXWO M,942
ER CLOSTXRADIALHEADFX WOM,861
ER CONTRL NASALHEMRG A C,429
ER CONTRL NASALHEMRG A S,414
ER CPR,"1,544"
ER CRITICALCARE ADDL 30M,764
ER CRITICALCARE1ST30-74M,"2,966"
ER CYSTOURETHROSCOPY,"5,691"
ER DRAIN EXT EAR SMPL,"1,189"
ER DRESS DEBRID BURN SML,631
ER DRN DENTOALVEOLAR,768
ER DRN FINGR ABSC COMP,"3,731"
ER DRN FINGR ABSC SMPL,973
ER EKG MIN 12 LEAD,615
ER EM WOUND CHECK,400
ER ENDOTRACHEAL INTUBATN,903
ER EVAC SUBUNG HEMATOMA,265
ER EXC NAIL MATRIX PERM,"1,078"
ER EXCISE BNIG LESN 5CM OR LES,"1,295"
ER EXPL WOUND EXTREM,"7,113"
ER FB REMOVE CONJUNCTIVA SUP,819
ER FB REMOVE CORNEA WO SLIT,634
ER FORESKIN MANIPULATN,570
ER FULGRAFTFCCMNAGHF=<20,"5,105"
ER FULLGRAFTNEEL<=20SQCM,"3,921"
ER GASTRIC INTUB ASP MD,614
ER ID ABCES SMPL SNGL,680
ER ID ABSC PERIANL SPR,"1,850"
ER ID ABSCS PERITONSIL,723
ER ID BARTHOLIN GLAND ABSCE,842
ER ID EPIDIDYMS TESTES,"5,295"
ER ID HEMATOMA SEROMA,"3,069"
ER ID PERIRECTAL ABSC,"2,618"
ER ID VULVA PERINEAL ABSCES,798
ER INCISN RMV FB SQ SMPL,"2,246"
ER INJ BLOODPTCH EPIDURL,"4,936"
ER INJ SQ IM,674
ER INJ(S)AN STR PERIPH NRV,"1,736"
ER INJ(S)AN STR TRIG NRV EA,"1,163"
ER INS NONTUN CVC 5Y OLDR #,"2,286"
ER INTRO NDL CATH VEIN,198
ER IRRIG CORP CAVERN,661
ER IV INFUS HYDR 31M-1HR,"1,866"
ER IV INFUS HYDR ADD HR,778
ER IV INFUSN CONCURRENT,692
ER IV INFUSN INIT 1HR,"2,001"
ER IVP E ADDL SAME DRUG,562
ER IVP E DIFFERENT DRUG,662
ER IVP INITIAL DRUG,"1,001"
ER LARYNGSCPY FLX DX,"2,141"
ER MOD SED DIFF 5YR 15M,385
ER MOD SED DIFF EA AD 15M,255
ER MOD SED SAME 5YR 15 MIN,385
ER MOD SED SAME EA ADD 15M,255
ER NEUROPLSTY DIGIT,"8,022"
ER PARACENTESIS WO IMG,"2,424"
ER PILONIDAL CYST ID COMP,"1,734"
ER PILONIDAL CYST ID SIMPLE,715
ER PINCH GRAFT(S) <=2CM,"3,173"
ER PLC NDL INTRAOS INFS,713
ER PLEURA DRAIN INS CATH #,"2,804"
ER PULSE OX MULTI,457
ER PVR URINE US NO IMG,235
ER REMOVE FB EAC WO ANES,546
ER REPAIR NAIL BED,"1,075"
ER RMV CERUMEN W INSTRMT,210
ER RMV FB FOOT SUBQ,"1,943"
ER RMV FB PHARYNX,"1,016"
ER RMV IMPCT CERUMN IRIG,176
ER RMVL FB CNJT SBCNJ SCL,990
ER RPLC GASTR TUBE WO IMG#,"1,070"
ER RPR CMPX 1.1-2.5 CM,"1,808"
ER RPR CMPX 2.6-7.5 CM,"2,498"
ER RPR CMPX ADD 5CM,666
ER RPR CMPX ENEL ADD 5CM,906
ER RPR CMPX ENEL1.1-2.5CM,"3,445"
ER RPR CMPX ENEL2.6-7.5CM,"6,850"
ER RPR CMPX SAL ADD 5CM,631
ER RPR CMPX SAL1.1-2.5CM,"1,203"
ER RPR CMPX SAL2.6-7.5CM,"1,899"
ER RPR CMPX TRU2.6-7.5CM,"1,302"
ER RPR CMPX TRUNK ADD5CM,694
ER RPR EX TENDON FNGR WOG,"5,092"
ER RPR FLX TEN NOZON2 WOG,"8,590"
ER RPR FLX TENDON ZONE2 P,"10,294"
ER RPR INT FEENL7.6-12.5,"2,378"
ER RPR INT FEENLM <=2.5,"1,833"
ER RPR INT FEENLM 2.6-5,"2,186"
ER RPR INT FEENLM5.1-7.5,"2,330"
ER RPR INT NHFG <=2.5CM,"1,088"
ER RPR INT NHFG 2.6-7.5,"1,484"
ER RPR INT SATE <=2.5CM,"1,163"
ER RPR INT SATE 2.6-7.5,"1,371"
ER RPR INT SATE 20.1-30,"2,556"
ER RPR INT SATE 7.6-12.5,"1,484"
ER RPR LIP OVR HALF HI,"2,452"
ER RPR LIP UPTOHALF HI,"2,090"
ER RPR LIP VERMILN ONLY,"1,869"
ER RPR SMP FEENL7.6-12.5,"1,443"
ER RPR SMP FEENLM <=2.5,943
ER RPR SMP FEENLM 2.6-5,969
ER RPR SMP FEENLM5.1-7.5,"1,142"
ER RPR SMP SNAGT 12.6-20,"1,241"
ER RPR SMP SNAGT 7.6-12.5,"1,100"
ER RPR SMP SNAGT<=2.5CM,668
ER RPR SMP SNAGTE2.6-7.5,878
ER RPR TENMUS EX F ARM PR,"6,314"
ER RPR TENMUS FLX F ARM P,"6,244"
ER RPR TONGUE A UP 2.56C,527
ER SECONDRY CLOSUR WOUND,"9,321"
ER SHAVE LSN FEENLM 2CM,"1,549"
ER SPINAL TAP LUMBAR DX,"3,420"
ER STRAIGHT CATH BLADR,367
ER SUTURE DIGITAL NERVE,"4,715"
ER TEMP BLADR CATH SMPL,715
ER THORACENTESIS WO IMG,"2,129"
ER THROMBLYS CEREBRL IV,"1,110"
ER TRACH TUBE CHANGE #,899
ER TRACHEOSTOMY CRICOTHY #,"2,139"
ER TUBE THORACOSTOMY OPEN#,"2,757"
ER TX CLOS ELBOWDSLC WOAN,"1,136"
ER TX TARSAL FX WO MAN,415
ER US OPTH B SCAN LT,451
ER VISIT E/M 1,"1,678"
ER VISIT E/M 2,"1,870"
ER VISIT E/M 3,"2,158"
ER VISIT E/M 4,"2,360"
ER VISIT E/M 5,"2,637"
ER WEDG EXC SKIN NAIL F,388
ERLICHIA AB TICKS BO,158
ERYTHROPOIETIN LEVEL,338
ESTRADIOL TOTAL,382
ESTROGENS TOTAL,414
ETHYLENE GLYCOL LEVEL,64
EV SPC SD PRD W EV LNG COM EXP,"1,367"
EVAL SPEECH SOUND PROD,540
EVAL USE/FIT VOICE PROSTHETIC,373
FACTOR II ASSAY,325
FACTOR IX ASSAY,204
FACTOR V (NOT MUTATION),400
FACTOR VII ASSAY,482
FACTOR VIII ASSAY,596
FACTOR X ASSAY,183
FACTOR XI ASSAY,217
FACTOR XII ASSAY,190
FACTOR XIII ACTIVITY,191
FACTOR XIII SCREEN,203
FAT FECES QUAL,71
FDP FIBRIN SPLIT PROD SEMIQ,117
FECAL OCCULT BLOOD IMMUNOLOGY,55
FERRITIN SERUM,249
FETAL FIBRONECTIN SEMIQUANT,804
FFR CT DATA ANALYSIS INTERP,"4,795"
FFR CT DATA PREP TRANSMISSION,"1,750"
FIBRINOGEN ACTIVITY,243
FIBRINOGEN ANTIGEN,122
FLEX ENDOSC EVAL SWALLOW/VIDEO,610
FLOW CYTOMETRY EA ADD MARK,636
FLOW CYTOMETRY FIRST MARKER,794
FLU A B RSV DETECTION BY PCR,714
FLURO EVAL SWALLOW/CINE OR VID,"1,317"
FLUSH IMPLANTED VAD,704
FNA IMMED 1ST EVAL MD EVAL,545
FNA INTERPRETATION REPORT,"1,145"
FOLIC ACID RBC,113
FOLIC ACID SERUM (FOLATE),143
FRANCISELLA TULARENSIS AB,89
FREE T3 (TRIIODOTHYRONINE),560
FRETB TOT TESTOSTERONE BO,467
FROZEN SECTION 1ST BLOCK,676
FROZEN SECTION ADDL BLOCK,224
FRUCTOSAMINE GLYCATED PROT,132
FSH (FOLLICLE STIMU HORMONE),205
FUNCTION ACT  1:1 PER 15 MIN,224
FUNDUS PHOTOGRAPHY W/INT&REP,371
FUNGAL CULTURE BLOOD,129
FUNGAL CULTURE SITE,164
FUNGUS IDENTIFICATION ONLY,77
GABAPENTIN LEVEL,94
GAIT TRAINING 1TO1 E15M,128
GAMMA (GGT) GLUTAMYLTRANSFERSE,158
GASTRIN,136
GENTAMICIN LEVEL TROUGH,105
GI PCR PANEL STOOL,872
GI PROC RM 0-30 MIN,"3,855"
GI PROC RM EACH ADD 30 MIN,"2,120"
GIARDIA ANTIGEN,73
GLUCOSE 6-PHOSPHATE (G6PD),154
GLUCOSE BLOOD,38
GLUCOSE FLUID/OTHER,69
GLUCOSE RALS,43
GLYCOGEN STORAGE,412
GRAM STAIN,110
GROWTH HORMONE (HGH),155
H.PYLORI UREA BREATH TEST,278
HAPTOGLOBIN QUANT,117
HAST W OXYGEN,364
HCG (GONADOTROPIN) QUANT,380
HCG FREE BETA CHAIN,92
HD INPATIENT ESRD AKI,988
HDR BRACHY 1 CHANNEL,"5,993"
HDR BRACHY 2-12 CHANNELS,"7,342"
HE4 OVARIAN CANCER MONITOR,272
HEAVY METAL BLOOD ARSENIC,192
HEAVY METAL MERC QUANT BO,222
HEAVY METAL PANEL LEAD BO,93
HELICOBACTER PYLORI AB,98
HELICOBACTER PYLORI STOOL,141
HEMATOCRIT HGB-HCT BO,41
HEMOCHROMATOSIS,421
HEMOGLOBIN A1C (GLYCOSYL),193
HEMOGLOBIN PLASMA,80
HEMOGLOBIN RESP,16
HEMOSIDERIN QUAL,51
HEP B VIRAL DNA PCR QUANT,334
HEPARIN INDUCED PLT AB,160
HEPATIC FUNCTION PANEL,130
HEPATITIS A ANTIBODY IGM,129
HEPATITIS A IGG ANTIBODY,268
HEPATITIS B CORE AB IGM,203
HEPATITIS B CORE AB TOTAL,90
HEPATITIS B SURFACE ANTIBODY,104
HEPATITIS B SURFACE ANTIGEN,159
HEPATITIS BE ANTIBODY,149
HEPATITIS BE ANTIGEN,160
HEPATITIS C ANTIBODY,138
HEPATITIS C GENOTYPING,"1,061"
HEPATITIS C RNA RT QUAL,224
HEPATITIS C VIRUS FIBROSURE,73
HEPATITIS PANEL ACUTE,443
HERPES 6 (HSV 6) PCR,560
HERPES SIMPLEX 2 AB IGG,249
HERPES SIMPLEX I AB,215
HERPES SIMPLEX IGM TORCH BO3,97
HEXAGONAL PHASE LUPUS ASSAY,275
HGB ELECT W INTRP AND REFLEX,167
HHV-6 CSF PCR,98
HIST STAIN FRZ SEC INTRP RPT,314
HISTOPLASMA AG SERUM,152
HISTOPLASMA ANTIBODY,75
HIV 2 DNA RNA QUAL RT PCR,120
HIV-1 AND 2 AG-AB SCREEN CMIA,109
HIV-1 DRUG RESIST HIVG BO,741
HIV-1 GENO INTEGRASE HIVG BO,"1,100"
HIV-1 RNA RT QUANT VIRAL LOAD,872
HLA II LR DQ CDCOM BO,452
HLX CALR CASE,735
HOME SLEEP TEST/TYPE III PORTA,705
HOMOCYSTEINE SERUM,328
HPVDNA HIGH RISK LOW RISK ANAL,210
HSV 1 2 PCR AQUEOUS FLUID,180
HSV 1 2 VZV PCR BO,273
HYPERSENSITIVE PNEUMO PANEL,46
IA OTHR THN INF MYOMARK3 BO,184
IFA ENC1 BO,327
IMMFLUO INI SGL AB T IN P IN,"1,032"
IMMSTN ADD SNGL AB T IN P IN,595
IMMSTN EA MULTIPLX T IN P IN,965
IMMSTN INIT SGL AB T IN P IN,951
IMMUN COMPLX ASSAY IMCP BO,252
IMMUNOELECT WITH REFLEX,177
IMMUNOFIX ELECTRO FLUIDS,201
IMMUNOFIX ELECTROPHORESIS SER,187
IMMUNOFLUOR ADDL SGL AB,441
IMMUNOGLOB FREE LIGHT CHAINS,117
IMMUNOGLOB IG GAMD IMMU BO,291
IMMUNOGLOBULIN IGE EA,318
IMMUNOGLOBULIN SUBCLASS EA,246
IMRT CMPLX,"7,808"
IMRT DEVICE MLC,"6,382"
IMRT PLANNING,"17,061"
IMRT SIMPLE,"7,431"
INFECT AG EIA CDIF EIA BO,126
INFLUENZA B VIRUS AB INFLU BO,145
INS TANDEM/VAG OVOID BRACHY,"5,178"
INS VAG AFTERLOAD DEV FOR BRTX,"1,376"
INSECT ID MACRO EXAM,48
INSULIN ANTIBODIES,342
INSULIN FREE,97
INSULIN TOTAL,133
INTERLEUKIN 28B POLYMORPHISM,238
INTERSTIT COMPLEX,"7,739"
INTRA-ATRIAL RECORDING/ 93602,"7,688"
IODINE (24HR URINE),155
IORT,"19,184"
IRIDOT/IRIDECT LASR PERSESS RT,"5,387"
IRON IRONTIBC BO,63
IRRADIATION BLOOD PRODUCT EA U,123
ISH INIT SGL PRB TC IN PC IN,651
IV INF TX/DX EA SEQ NW DRG 1HR,"1,172"
IV INFUSN REMICADE EACH ADD .5 HR,360
IV INFUSN REMICADE UP TO .5 HR,710
IV INFUSN REMICADE UP TO 1 HR,"1,415"
IV INFUSN TXPXDX;EA ADD HR,906
JAK2 W RFL,"1,545"
JC VIRUS ANTIBODY SERUM,903
KCNQ1 FULL GENE SEQ LONGQTBO,"1,111"
KEPPRA LEVEL,81
KETONE BODIES SERUM QUAL,45
KETONE B-OH SERUM QUANT,125
KLEIHAUER BETKE OB RHOGAM,81
LACOSAMIDE (VIMPAT) LEVEL,69
LACTIC ACID (LACTATE),301
LACTOFERRIN FECAL QUANTITATIVE,108
LACTOFERRIN STOOL QUAL,110
LACTOSE TOLERANCE,110
LAMICTAL (LAMOTRIGINE) LEVEL,185
LASER IRIDOPLSTY 1ORMOR SES LT,"3,642"
LDH TOTAL,139
LDL CHOLESTEROL,122
LEGIONELLA AB,51
LEGIONELLA AG (URINE),102
LEPTOSPIRA ANTIBODY IGM,96
LEVEL 1 GROSS EXAM ONLY,324
LEVEL 2 GROSS AND MICRO,678
LEVEL 3 GROSS AND MICRO,831
LEVEL 4 GROSS AND MICRO,"1,134"
LEVEL 5 GROSS AND MICRO,"1,431"
LEVEL 6 GROSS AND MICRO,"1,680"
LH (LUTEINIZING HORMONE),194
LIPASE,260
LIPID PANEL,160
LIPOPROTEIN A,205
LITHIUM LEVEL,159
LONG QT SYNDROME PANEL,"1,111"
LOW MOL WEIGHT HEPARIN ASSAY,174
LRI FEMTO LASER,547
LYME (BOLYM) AB BO,489
LYME AB IMMUNOBLOT REFTICK BO,432
LYME DNA PCR,443
MAGNESIUM,141
MANUAL TX 1TO1 1/MOR REGN E15M,194
MED NEB,555
METANEPHRINES PLASMA,313
METHEMOGLOBIN QUANT,53
METHOTREXATE LEVEL,97
METHYLMALONIC ACID SERUM,470
MG LOCAL BRST 1STLT SISC,"4,073"
MG LOCAL BRST ADDRT SISC,"1,545"
MG MAMMO DIAG BI,893
MG MAMMO DIAG POST PROC LT,733
MG MAMMO SCREEN BI,788
MG OR BRST SPECIMEN XRAY,"1,226"
MG STEREO BX 1ST LT SISC,"5,229"
MG STEREO BX ADD LT SISC,"2,285"
MG TOMOSYNTHESIS DX BI,89
MG TOMOSYNTHESIS SCR LT,71
MICROALBUMIN URINE RANDOM,81
MOL CYTOG DNAPROB EA PDGFRB BO,447
MONOSPOT HETEROPHILE AB,201
MPL MUTATION ANALYSIS,484
MR 3D RECON W WORKSTATION,930
MR ABDOMEN IC,"2,765"
MR ABDOMEN WAW IC,"4,050"
MR ANGIO ABDOMEN,"2,710"
MR ANGIO ABDOMEN IC,"2,903"
MR ANGIO ABDOMEN WAW IC,"4,466"
MR ANGIO BRAIN,"3,941"
MR ANGIO BRAIN WAW IC,"4,929"
MR ANGIO CHEST NOT CARD,"3,836"
MR ANGIO CHEST NOT CARD IC,"4,013"
MR ANGIO CHEST NOT CARD WAW IC,"5,223"
MR ANGIO LWR EXT IC LT,"3,046"
MR ANGIO LWR EXT WAW IC LT,"6,409"
MR ANGIO NECK,"1,990"
MR ANGIO NECK IC,"2,634"
MR ANGIO NECK WAW IC,"3,511"
MR ANGIO PELVIS,"2,982"
MR ANGIO PELVIS IC,"3,764"
MR ANGIO PELVIS WAW IC,"4,736"
MR ANGIO UPR EXT WAW IC RT,"3,626"
MR BRAIN,"3,874"
MR BRAIN IC,"5,228"
MR BRAIN WAW IC,"6,524"
MR BREAST BI,"2,128"
MR BREAST IC BI,"4,435"
MR BREAST WAW IC BI,"5,099"
MR BREAST WAW IC LT,"3,771"
MR BX BRST 1ST LT SISC,"5,301"
MR BX BRST ADD RT SISC,"2,475"
MR CAD BREAST,485
MR CARD MORPH/FUNCTION,"2,372"
MR CARD MORPH/FUNCTION WAW IC,"9,739"
MR CARD VELOCITY FLOW MAPPING,638
MR CHEST,"2,248"
MR CHEST WAW IC,"3,292"
MR CREATININE BLOOD,88
MR FOOT IC LT,"2,901"
MR FOOT LT,"2,708"
MR FOOT WAW IC RT,"4,389"
MR HAND IC RT,"3,030"
MR HAND WAW IC RT,"3,453"
MR HIP WAW IC LT,"4,417"
MR JOINT LWR EXT  IC LT,"4,062"
MR JOINT(S) TMJ,"1,763"
MR KNEE LT,"2,332"
MR LOCAL BRST 1STLT SISC,"6,063"
MR LOCAL BRST ADDLT SISC,"1,598"
MR MRCP,"2,581"
MR ORBIT FACE AND/OR NECK,"1,772"
MR ORBIT FACE AND/OR NECK IC,"2,520"
MR ORBIT FACE AND/ORNECK WAWIC,"2,910"
MR PELVIS,"2,840"
MR PELVIS IC,"2,945"
MR PELVIS WAW IC,"3,919"
MR SHOULDER RT,"2,069"
MR SHOULDER WAW IC LT,"3,134"
MR SPINE CERVICAL,"3,183"
MR SPINE CERVICAL IC,"3,216"
MR SPINE CERVICAL WAW IC,"3,367"
MR SPINE LUMBAR,"3,162"
MR SPINE LUMBAR IC,"3,376"
MR SPINE LUMBAR WAW IC,"3,357"
MR SPINE THORACIC,"3,011"
MR SPINE THORACIC IC,"3,376"
MR SPINE THORACIC WAW IC,"3,376"
MR UPR EXT JOINT IC RT,"2,709"
MR UPR EXT NON JOINT LT,"2,242"
MR VENOGRAM BRAIN IC,"4,230"
MRSA MSSA PCR BO,255
MSLT OR MWT MULTIPLE TRIALS,"9,077"
MTB PCR AND RIF RESISTANCE,342
MUMPS IGG ANTIBODY,308
MURAMIDASE LYSO SERUM,169
MYCOPLAS AMP PROBE RVPRAP BO1,185
MYCOPLASMA IGM ANTIBODY,155
MYELIN BASIC PROTEIN CSF,215
MYOCARDIAL SPECT MULTIPLE78452,"6,326"
MYOCARDIAL SPECT SINGLE/ 78451,"3,798"
MYOCARDIAL STRAIN IMAGING,"1,928"
MYOGLOBIN,145
N PSY TST EVAL MD/QP 1ST HR,544
N PSY TST EVAL MD/QP EAD HR,350
NEISS GONO DNA PROB BO,296
NEUROM RE ED1TO1 1/MORAREAE15M,401
NEW EVAL/MGT DETAILED,800
NITRIC OXIDE EXPIRED GAS DTERM,225
NITRIC OXIDE: ADMIN PER DAY,467
NK CELLS TOTAL COUNT,496
NM BONE IMG 3 PHASE+,"4,475"
NM BONE IMG WHOLE BODY+,"3,167"
NM BONE SPECT CT SA SD,"5,548"
NM BRAIN DAT SA SD,"3,814"
NM BRAIN SPECT CT SA MD,"6,295"
NM DACRYOSCINTIGRAPHY,893
NM GASTRIC EMPTYING SOLID,"4,495"
NM GI BLEEDING IMG+,"1,040"
NM HEPATOBILIARY IMG W RX,"4,486"
NM HEPATOBILIARY IMG+,"2,979"
NM INFLAMM LOC GALLIUM SA MD,"1,289"
NM INFLAMM LOC GALLIUM SA SD,"1,212"
NM INFLAMM LOC GALLIUM WB SD,"3,617"
NM KIDNEY IMG  LASIX+,"1,565"
NM KIDNEY IMG FLOW/FUNC WO RX+,"2,488"
NM LYMPHOSCINTIGRAPHY+,"3,358"
NM MUGA RESTING STUDY+,"3,075"
NM PARATHY PLANR IMG W SPECTCT,"3,250"
NM PULM PERFUSION IMG+,"1,934"
NM PULM QUANT PERF/VENT(IMG)+,"3,933"
NM PULM VENTILATON/PERFUS IMG+,"3,363"
NM RAI TX  HYPERTHYROID,"3,140"
NM RPX INJ WO IMG SENTINELNODE,"3,686"
NM THYROID IMG W UPTAKE(S),"3,118"
NM THYROID METS IMG WB,"3,680"
NM TX RPX IV,"1,392"
OBSERVATION PER HR,600
OCCULT BLD FECES DX 1-3 SPEC,43
OCCULT BLD FECES SCR 1-3 SPEC,47
OCT ANTERIOR UNI/BI,153
OCT POSTERIOR OPTIC NRV UNI/BI,200
OCT POSTERIOR RETINA UNI/BI,200
OLIGOCLONAL BANDS CSF,364
OPTH BIOMTRY PCI IOLPWRCALC LT,398
OR NEUROPHYSIO MON EA 15 MIN,212
OR TIME UP TO .5 HR,"6,455"
OR TIME UP TO 1 HR,"9,010"
OR TIME UP TO EACH ADD .5 HR,"2,000"
ORB SCAN CORNEAL TOPOG UNI/BI,234
ORGANIC ACID SCR URINE QUAL,131
OSMOLALITY SERUM,53
OSMOLALITY URINE-RANDOM,53
OVA AND PARASITES STOOL,134
OXCARBAZEPINE LEVEL,156
OXIMETRY;SINGLE DETERMINATION,371
PAI-1 ANTIGEN,140
PAP SMEAR TBS CONV DIAG,84
PARVOVIRUS ANTIBODIES BO,185
PATENCY CAPSULE ADMIN(SWALLOW),491
PATH CONSL DUR SURG GROSSONLY,300
PATHCONSULT-OR CYTO EXAM INIT,753
PATHCONSULT-OR CYTO EXM E ADD,175
PDHM PER ML,1
PET BRAIN METABOLIC,"7,054"
PETCT SKUL-THI ONC FDG INIT+,"8,169"
PETCT WB ONC FDG INIT,"8,358"
PH BODY FLUID NOS,44
PHENOBARBITAL LEVEL,114
PHLEBOTOMY THERAPEUTIC,"1,253"
PHOSPHATIDYLSERINE AB,163
PHOSPHORUS,44
PHOSPHORUS RANDOM URINE,49
PHYSICS CONSULT,"3,874"
PILL CAM ADMIN (SWALLOW),"5,169"
PLACE MARKERS PROSTATE PERC,"4,659"
PLATELET AUTOMATED,44
PLETH  DET LUNG VOL AIR RESIS,"1,150"
PLT FUNCTION P2Y12,365
PNEUM AB IMMUNO QUANT BO,165
PNEUMOCOCCAL ANTIBODY,47
POLYSOMN MIN6Y MIN4 PARAM CPAP,"11,760"
POLYSOMN MIN6Y MIN4 PARAMETERS,"11,486"
POTASSIUM RANDOM URINE,44
POTASSIUM WHOLE BLD,44
PREALBUMIN,77
PREGNANCY URINE QUAL,115
PREMAT RUPT MEMBRANES AMNISURE,350
PREV COUNSEL RISK REDUCTN 30M,337
PREV COUNSEL RISK REDUCTN 45M,452
PREVENTATIVE COUNSEL GROUP 60M,165
PRIMIDONE (MYSOLINE) LEVEL,103
PRK EXCIMER LASER RT,600
PRO BNP,236
PROCALCITONIN (PCT),308
PROGESTERONE,184
PROINSULIN,93
PROLACTIN,235
PROMETHEUS ANSER VDZ,"6,300"
PROMETHEUS TPMT ENZYME,366
PROPHY RD LASER 1 ORMOR SES RT,"1,495"
PROSTH TRN EXT(S) INIT E15M PT,212
PROT TOTAL/CREAT RATIO UR,98
PROTEIN C ACTIVITY/AG REFLEX,289
PROTEIN C ANTIGEN,149
PROTEIN ELECT URN/INTERP/REFLX,126
PROTEIN ELECT/INTERP/REFLX,114
PROTEIN S FREE ACTIVITY,193
PROTEIN TOTAL ELECTROPHOR BO,68
PROTEIN TOTAL FLUID,73
PROTHROMBIN TIME,77
PROTIME SUB PLASMA (50/50),197
PSA FREE AND TOTAL,161
PSA SCREEN TOTAL,276
PSA TOTAL,174
PSY DX EVAL,717
PSY DX EVAL W MED SRV PSY ADD,885
PSY TST EVAL MD/QP 1ST HR,946
PSY TST EVAL MD/QP EAD HR,599
PSY TX CRISIS 1ST 60M,983
PSY TX CRISIS EADD 30M,472
PSY TX GROUP 60M PSY ADDON,339
PSY TX INDIV 45M,801
PSY TX INDIV 60M,891
PSY TX INDV 45M E/M PSY ADDON,878
PSY TX MULT FAM GRP 60M ADDON,473
PSY/N PSY >=2TST MD/QP 1ST 30M,113
PSY/N PSY >=2TST MD/QP EAD 30M,89
PSY/N PSY TST TECH 1ST 30M,179
PSY/N PSY TST TECH EAD 30M,179
PSY/N PSY TST W AUTOM RESULT,58
PT EVAL HIGH COMPLEXITY,411
PT EVAL LOW COMPLEXITY,309
PT EVAL MODERATE COMPLEXITY,358
PT RE EVALUATION,285
PTH CALCIUM BILL ONLY,55
PTH INTRA-OPERATIVE,710
PTK EXCIMER LASER RT,"2,451"
PULM PROC ROOM 0-30 MIN,"4,140"
PULM PROC ROOM 31-60 MIN,"6,410"
PULM PROC ROOM EACH ADD 30 MIN,500
PULMONARY STRESS TEST,568
PYRUVATE,166
PYRUVATE KINASE,96
Q FEVER AB (COXIELLA BRUNETI),81
QUANTIFERON GOLD TB,351
R&B - CCU,"17,500"
R&B - ICU,"17,500"
R&B - Nursery,"6,830"
R&B - Private,"10,060"
R&B - Private Luxury,"10,280"
R&B - Private Obstetrics,"10,060"
R&B - Private Stepdown,"15,800"
R&B - Semi-Private,"9,430"
R&B - Semi-Private Psych,"6,980"
R&B - Semi-Private Stepdown,"15,150"
RAD TX CMPLX,"4,009"
RAPID HIV-1 AND 2 AB,278
RECOVERY RM EACH ADD .5 HR,275
RECOVERY RM UP TO .5 HR,"1,680"
RECOVERY RM UP TO 1 HR,"2,120"
REDUCING SUBSTANCES URINE,76
REFRACTION INTRAOP ABERROMETRY,137
RENAL FUNCTION PANEL,60
RENIN ACTIVITY PLASMA,169
RESP MOTION MGMT SIM,"2,962"
RETICULOCYTE AUTO,80
RETROGRADE PYELOGRAM NON RAD,"1,132"
RHEUMATOID FACTOR QUANT,152
RIA ENS1 BO,351
RISTOCETIN COFAC VW FACT ACTIV,649
ROCK MTN SPOT FEVER IGG (IFA),124
RPR RAPID PLASMA REAGIN,131
RPR TITER SYPHIL NON TREPO,103
RUBELLA ANTIBODY,159
RUBEOLA AB (MEASLES) IGG,123
RUSSELL VIP VEN TIME DILUTED,430
RVP RAPID 12-25 PCR,"1,818"
SBRT LSN(S) 1-5FRAC(S)PER FRAC,"50,378"
SC BX ABD RPRTNL MASS,"4,190"
SC CT ASP NUC PULP INT DISCDX,"1,595"
SC CT BX BONE NDL DEEP,"5,913"
SC CT BX BONE NDL SUPERFICIAL,"3,353"
SC CT BX PLEURA RT,"3,503"
SC CT CRYOABLAT KIDNEY T(S)LT,"12,840"
SC CT INJS ANS ST  PUDNDL NRV,"2,763"
SC CT INJS ANS ST FML NRV RT,"1,795"
SC CT RF ABLAT LIVER TUMOR(S),"9,450"
SC MR ARTHRO HIP LT,"1,007"
SC MR ARTHRO SHOULDER RT,"1,005"
SC SP ASP ABSC HEMATOMA CYST,"1,659"
SC SP ASP BLAD VIA SPRPUB CAT,"4,063"
SC SP ASP INJ LRG JNT BSA RT,"2,795"
SC SP BX ASP BONE MARROW LT,"5,274"
SC SP BX LIVER,"4,541"
SC SP BX MUSCLE,"4,202"
SC SP CATH SEL VN ORG SAMP LT1,"4,394"
SC SP CHECK DRN CATH,"8,041"
SC SP DECLOT VAD THROMBOLYTIC,"1,335"
SC SP EXCHANGE DRN CATH,"3,424"
SC SP INJ LUM MYELOG OR CT,"2,415"
SC SP INJS ANE ST ICOS NRV AD,"2,128"
SC SP INS CV PORT 5+YR,"4,479"
SC SP INS TUN CVLINE 5+YR,"6,348"
SC SP INS TUNN PLEURA CATH RT,"8,817"
SC SP REPOSITION CVLINE FLUOR,"3,333"
SC SP RMVL CV/PERIPH PORT,"2,344"
SC SP RMVL TUN CVLINE,"2,531"
SC SP RMVL TUNN PLEUR CATH RT,"2,078"
SC SP RPLC NON TUN CVLINE,"2,266"
SC SP SEL CATH 1ST AB/PEL/LE,"4,342"
SC SP SEL CATH 2ND AB/PE/LE,"4,915"
SC SP SEL CATH 3RD+ AB/PE/LE,"8,574"
SC SP SEL CATH ADDL 2+AB/P/LE,"4,040"
SC SP SEL CATH THO/BR 1ST ORD,"1,432"
SC SP ULNST PROC LUNG PLEUR,"1,738"
SC SP US PUNC LUMB TX DRN,"4,111"
SC SP VENIPUNCTURE MIN 3YRS MD,66
SC US ASP BRST CYST EA ADD RT,813
SC US ASP BRST CYST RT,"1,928"
SC US BX KIDNEY LT,"3,841"
SC US BX LYMPH NODES SUPRF LT,"4,492"
SC US BX SALIVARY GLAND,"7,467"
SC US INJ TRIGGR PT 1OR2 MUSC,932
SC US INJS ANE ST II/IHG NRRT,"2,212"
SC XR CATH HYSTEROSALPINGOGRM+,"2,535"
SC XR INJ RETRO CYSTOURETHGRM+,"2,114"
SC XR VOID CYSTOURETHROGM INJ+,"5,964"
SCN5A FULL GENE SEQ LONGQT BO,"1,111"
SED RATE AUTOMATED,65
SELENIUM LEVEL,210
SENSITIVITY MIC EACH,114
SEROTONIN LEVEL WB,140
SICKLE CELL SCREEN,72
SIMULATION COMPLEX,"7,200"
SIMULATION SIMPLE,"3,673"
SLEEP STDY UNATND W SLEEP TIME,"2,253"
SLEEP STUDY ATTENDED,"3,188"
SLEEP STUDY UNATT HR O2  RESP,"2,655"
SMEAR BLOOD PARASITES,179
SMOKE CESSATN COUNSL >3-10M U4,89
SODIUM OTHER SOURCE/FLUID,32
SODIUM RANDOM URINE,40
SODIUM WHOLE BLOOD,41
SP ABSCESS FIST SINUS STDY SI,"1,226"
SP ADMIN CHEMO CNS INCL TAP,"6,661"
SP ANG REN SEL 1STORD LT SISC,"8,478"
SP ANGIO SEL EA ADDL VES SI,"2,040"
SP ANGIO VISCERAL SELECT SI,"8,708"
SP CATH PORT CHECK SISC,"2,687"
SP CHANGE DRN/OTHER TUBE SI,558
SP CHNG DRNG CATH BILIARYSISC,"9,062"
SP CHNG GASTROSTOMY TUB SISC,"3,473"
SP CHNG NEPH URET STNT LT SISC,"6,904"
SP CHNG NEPHRO CATH RT SISC,"3,990"
SP CHOLANG EXISTNG T TUB SISC,"6,631"
SP CHOLECYSTOSTOMY SISC,"6,631"
SP CONV NEP2NEP UR EXI RTSISC,"4,026"
SP CT FNA 1ST LES SISC,"3,145"
SP CT LIMITED/FOLLOW UP STUDY,435
SP DIL NEPH TRAC W ACC LT SISC,"11,729"
SP DRN FLUID PRTNL RPRTNL SISC,"4,444"
SP DRN FLUID PRTNL TRTV SISC,"6,742"
SP DRN FLUID SOFT TISS SISC,"2,414"
SP DRN FLUID VISCERAL SISC,"4,452"
SP DRN PLEURA W TUB RT SISC,"3,963"
SP DRNG CATH BILIAR IN EXSISC,"8,270"
SP EMBLZ ARTERY NON HEM SISC,"13,545"
SP EMBLZ HEMORR LYMPH EXT SISC,"22,113"
SP EMBLZ TUM ORG ISCH INF SISC,"18,676"
SP FEEDING TUB CHECK SISC,"2,079"
SP FISTULOGRAM SISC,"3,159"
SP FL CT PUNC LUMBAR DX SISC,"7,669"
SP FLUOR GD SPN INJ NO F/SI/FO,792
SP FLUOR GUID CV CATH PROC SI,543
SP FLUOR GUID NDL PLC,968
SP FLUORO GUID PLC DRN CAT SI,509
SP INJ SPN LUM SAC EPISUB SISC,"5,529"
SP INS GASTROSTOMY TUBE SISC,"4,737"
SP INS IPRTNL CATH TUNN SISC,"9,828"
SP INS IVC FILTER SISC,"12,742"
SP INSERT PICC EQL GRT 5Y SISC,"7,958"
SP NEPHROSTOGM EXIS AC LTSISC,"2,059"
SP PARACENTESIS ABD SISC,"2,985"
SP PERICARDIOCENTESIS SISC,"3,521"
SP PLC NEPHROST CATH LT SISC,"7,039"
SP PLC STNT BIL EXIST ACCSISC,"13,692"
SP PLC STNT BIL W DRN NEWSISC,"15,746"
SP PTA ART EA ADDL SISC,"5,775"
SP PTA DIAYLS CIRC C SEG SISC,"6,300"
SP PTA DIAYLS CIRC P SEG SISC,"13,932"
SP RMVL DRNG CATH BILIARYSISC,"2,966"
SP RMVL IVC FILTER SISC,"13,010"
SP RMVL NON TUNN CVAD,200
SP RP TX INTRA ARTERIAL ADM,"1,415"
SP RPLC DUOD/JEJUN TUB SISC,"3,863"
SP RPLC PICC SAME ACCESS SISC,"2,723"
SP SCLEROTHERAPY NON VASCSISC,"1,817"
SP STNT DIALYS CIRC P SEG SISC,"24,015"
SP STNT URTR EXIST AC LT SISC,"10,092"
SP THORACENTESIS LT SISC,"2,845"
SP THRM PTA DIAL CIR P SE SISC,"24,015"
SP THRM STN DIAL CIR P SE SISC,"30,291"
SP THROMB ANY DIALYS CIRC SISC,"8,280"
SP US DRN PERICARD >5Y SISC,"5,151"
SP US GUID VASC ACCESS,699
SPACE OAR PLACEMENT SISC,"14,454"
SPEC STAIN GR I TC IN PC IN,366
SPEC STAIN GR II TC IN PC IN,675
SPEC TX PROCEDURES,"5,082"
SPECIAL DOSIMETRY (TLD ETC),"1,435"
SPECIAL STN GRP III INTRP RPT,926
SPECIFIC GRAVITY FLUID,20
SPIROMETRY EXPIRATORY MEAS,759
SPIROMETRY W BRONCHODILATORS,"1,264"
SPIROMETRY WITH PROVOCATION,"1,556"
STOOL PATH ADDL EACH PLATE,83
STREP PNEUMON AG UR,104
STREP RAPID GROUP A,171
STRESS ECHO W/ CON W/EKG/C8930,"4,437"
STRESS ECHO W/O CON W/EKG93351,"4,226"
STRESS TEST TRACING ONLY 93017,"1,906"
STRONGYLOIDIASIS AB,162
SUCTIONING NASOTRACHEAL ONLY,588
SUSCEPTIBILITY BY KIRBY BAUER,111
SYPHILIS SCR TREPO PALLIDUM,209
T CELLS TOTAL COUNT,210
T3 TOTAL (TT-3),162
T3 UPTAKE,43
T4 (THYROXINE) TOTAL,93
T4 THYROXINE FREE,152
TACROLIMUS LEVEL,272
TELE E/M 3 EST WPROF HOSP,600
TELE PREVMEDCOUNSL15MWPROFHOSP,130
TELE PSY TX FWO PT WOPROF,733
TELE PSYAS EM30MPSYADWPROFHOSP,671
TELE PSYTX 30M ADD WPROF HOSP,631
TELE PSYTX FWPT WOPROF,816
TESTOSTERONE FREE AND TOTAL,516
TETANUS ANTIBODY,116
THAWING/EXPANSN CELLS EA ALIQ,41
THERAPEUTIC PLASMAPHERESIS,"6,241"
THROMBIN TIME PLASMA,161
THYROGLOBULIN,181
THYROID STIM HORMONE(TSH),173
THYROID STIM IMMUNO (TSI),753
THYROXINE BINDING GLOBULIN,164
TIBC IRON BINDING CAPACITY,103
TISSUE ISH INTER EA ADDL SNGL,461
"TMNT-SPEECH OR VOICE THER,IND",511
TMNT-SWALLOWING DYSFNCTN THER,548
TOBRAMYCIN LEVEL TROUGH,113
TOPIRAMATE LEVEL,135
TOXOPLASMA IGM TORCH BO1,236
TRABECULOPLASTY LASER SURG LT,"4,553"
TRANSFERRIN,110
TRANSFUSION BLOOD/COMPONENT,"3,570"
TRICH VAG AMP PROB VAGPLUS BO,207
TRIGLYCERIDES,53
TROPONIN-T QUANT,131
TSH RECEPTOR AB,788
TUMOR IHC TC IN PC IN,946
TX EXCERCS 1TO1 1/MOR AREAE15M,387
ULTRASOUND TRANSRECTAL,506
UNLISTED MOLEC PATH LONGQT BO,"1,111"
UREA NITROGEN 24HR URINE,41
URIC ACID,75
URIC ACID RANDOM URINE,58
URINALYSIS AUTO W/O MICRO,154
URINALYSIS WITH MICROSCOPIC,125
US ABDOMEN COMPLETE,"1,741"
US ABDOMEN LIMITED,"1,436"
US BRAIN,467
US BREAST COMPLETE LT,"2,042"
US BREAST LIMITED RT,"1,104"
US BX BRST 1ST LT SISC,"4,048"
US BX BRST ADD RT SISC,"2,465"
US CHEST,765
US DPLX ABD PELV LTD,"2,382"
US DPLX AORTA IVC ILIAC LTD,"1,061"
US DPLX AORTA IVC ILIACS COMPL,"2,573"
US DPLX CAROTIDS COMPL BI,"3,789"
US DPLX HEMODIALYSIS ACCESS,884
US DPLX LWR EXT ARTS COMPL BI,"2,518"
US DPLX LWR EXT ARTS LTD RT,"1,498"
US DPLX LWR EXT VEINS COMPL BI,"2,936"
US DPLX LWR EXT VEINS LTD LT,"2,054"
US DPLX PREOP HD ACCESS BI,"4,802"
US DPLX PREOP HD ACCESS RT,"3,103"
US DPLX SCROTUM,"4,392"
US DPLX UPR EXT ARTS COMPL BI,"2,199"
US DPLX UPR EXT ARTS LTD RT,"1,362"
US ELASTOGRAPHY 1ST LES,"1,479"
US FNA 1ST LES SISC,"3,083"
US FNA EA ADD LES SISC,"1,071"
US GUIDANCE NDL PLC SI,"1,242"
US GUIDANCE RADIOELEMENT AP,926
US INFANT HIPS DYNAMIC W MANIP,"1,000"
US INJ ASP JNT BUR LGE RT SISC,"4,036"
US INJ ASP JNT BUR SML RT SISC,"1,470"
US JOINT COMPLETE LT,"1,381"
US KIDNEY TRANSPLANT W DOPP RT,763
US LOCAL BRST 1STRT SISC,"4,058"
US LOCAL BRST ADDLT SISC,"1,334"
US NONVASC EXT LTD LT,731
US OB GRT THAN 14 WKS 1ST GES,777
US OB GRT THAN 14WK EA ADD GES,321
US OB LES THAN 14 WKS 1ST GES,697
US OB LES THAN 14WK EA ADD GES,377
US OB LTD FETUS(ES),"1,424"
US OB TRANSVAGINAL,683
US OPTHBIO A-SCAN IOL POWRCALC,324
US PELVIC COMPLETE,"2,039"
US PELVIC LIMITED OR FOLLOW UP,786
US PLC LOC SOFTIS 1ST LES SISC,"2,300"
US RETROPERITONEAL COMPLETE,"1,962"
US RETROPERITONEAL LIMITED,925
US SCROTUM AND CONTENTS,"1,987"
US SONOHYSTEROGRAPHY SI,"1,231"
US SPINAL CANAL AND CONTENTS,631
US TAP BLOCK LT SISC,"1,026"
US THYROID AND PARATHYROID,"1,283"
US TRANSVAGINAL,"2,014"
VALPROIC ACID LEVEL FREE,60
VALPROIC ACID LEVEL TOTAL,187
VANCOMYCIN LEVEL,102
VARICELLA ZOSTER AB IGM,204
VEEG 2-12HR CONTIN MON MAINT,"5,901"
VEEG 2-12HR INTER MONT MAINT,"5,311"
VEEG 2-12HR UNMONITORED,"4,780"
VEEG EA 12-26HR CONTIN MON MAI,"11,802"
VEEG EA 12-26HR INTER MON MAIN,"10,622"
VEEG EA 12-26HR UNMONITORED,"9,560"
VENIPUNCTURE-CLCT VENOUS BLOOD,105
VENTILATOR FIRST DAY,"2,056"
VENTILATOR SUBSEQUENT DAY,"2,024"
VIP VASOACT INT PEPT,102
VIRUS ISOLATE HSV BO,224
VIRUS TISSUE CULTURE RESP,595
VISCOSITY SERUM,115
VISIT SCHEDLD EVE/WKND/HOLIDAY,100
VISUALFIELD EXAM EXT UNI OR BI,575
VISUALFIELD EXAM LTD UNI OR BI,212
VITAMIN B1 THIAMINE,176
VITAMIN B12 SERUM,121
VITAMIN B3 NIACIN,107
VITAMIN B6 (PYRIDOXAL PHOSPH),526
VITAMIN C (ASCORBIC ACID),91
VITAMIN D 1-25 DIHYDROXY,362
VITAMIN D 25 HYDROXY,302
VITAMIN E TOCOPHEROL ALPHA,182
VITAMIN K,254
VWF MULTIMER ANALYSIS,210
VZV PCR AQUEOUS FLD,722
WBC COUNT AUTO,83
WEST NILE SERUM IGG IGM,81
WEST NILE VIRUS IGM BO,153
XPERT XPRS COV2/FLU AB/RSV EA,500
XR ABDOMEN 2V,506
XR ABDOMEN MINIMUM 3V,524
XR ABDOMEN PORTABLE URGENT 1V,423
XR AC JNTS W OR WO WEIGHTS BI,455
XR ACUTE ABDOMEN>1V W 1V CHES,632
XR ANKLE 2 VIEWS LT,488
XR ANKLE COMP MIN 3 VIEWS RT,673
XR BARIUM ENEMA SNGL CON STDY,923
XR BONE AGE STUDY,376
XR BONE DENS AXIAL W VERT FX,960
XR BONE DENSITY APPENDICULAR,483
XR BONE DENSITY AXIAL,836
XR BONE DENSITY VERTEBRAL FX,243
XR BONE SURVEY COMPLETE,520
XR C SPINE AP LAT ONLY 2-3V,433
XR C SPINE FLEX EXT 6+V,"1,090"
XR C SPINE W/ FLX-EXT  4-5 V,882
XR CALCANEOUS MIN 2 VIEWS RT,550
XR CHEST PA LAT 2V,589
XR CHEST PA LAT W LORDOTIC 3V,612
XR CHEST PA LAT W OBLIQUES 4V,636
XR CHEST PORTABLE  ROUTINE 1V,354
XR CLAVICLE COMPLETE RT,454
XR ELBOW 2 VIEWS RT,558
XR ELBOW COMP MIN 3V LT,659
XR ESOPH DBL CON STUDY,795
XR ESOPH SNGL CON STUDY,684
XR FACIAL BONE COMP 3V OR MORE,453
XR FACIAL BONES LESS THAN 3V,194
XR FEMUR 1 VIEW LT,295
XR FEMUR 2 VIEWS LT,333
XR FINGER(S) MIN 2 VIEWS LT,453
XR FLUORO TO 1 HR NR,969
XR FOOT 2 VIEWS RT,418
XR FOOT COMP MIN 3 VIEWS LT,688
XR FOREARM 2 VIEWS RT,544
XR HAND 2 VIEWS RT,588
XR HAND MIN 3 VIEWS RT,782
XR HIP 1V RT,305
XR HIP WITH PELV 2-3V RT,428
XR HIP WITH PELV MIN 4V LT,515
XR HIPS BI WITH PELV 2V,465
XR HIPS BI WITH PELV 3-4V,560
XR HIPS BI WITH PELV MIN 5V,639
XR HUMERUS MIN 2 VIEWS LT,459
XR HYSTEROSALPINGOGRAM+,"1,114"
XR KNEE 1-2 VIEWS RT,318
XR KNEE 3 VIEWS LT,424
XR KNEE COMP 4+ VIEWS LT,446
XR KNEES AP STANDING BI,345
XR LEG LENGTH STUDY,705
XR LS SPINE AP LAT 2-3 VIEWS,533
XR LS SPINE MIN 4 VIEWS,784
XR LS SPINE W BEND MIN 6 VIEWS,"1,203"
XR MANDIBLE LESS THAN 4V,206
XR MANDIBLE MIN 4 VIEWS,316
XR NASAL BONES MIN 3 VIEWS,354
XR NECK SOFT TISSUE,292
XR NEONATE CHEST ABD PORT URG,219
XR ORBITS MIN 4 VIEWS COMP,359
XR PELVIS AP ONLY 1-2 VIEWS,360
XR PELVIS COMPLETE MIN 3 VIEWS,420
XR RETROGRADE CYSTOURETHGRM+,758
XR RIBS 2 VIEWS RT,444
XR RIBS 3 VIEWS BI,580
XR RIBS W PA CHEST 3 VIEWS  LT,645
XR RIBS W PA CHEST MIN 4V BI,587
XR SACROILIAC JNTS 3+ VIEWS,484
XR SACROILIAC JNTS LES 3 VIEWS,288
XR SACRUM COCCYX MIN 2 VIEWS,432
XR SCAPULA COMPLETE RT,387
XR SHOULDER 1 VIEW RT,407
XR SHOULDER COMP MIN 2V RT,638
XR SINUSES PARANASAL LES 3V,181
XR SINUSES PARANASAL MIN 3 V,448
XR SKULL LESS THAN 4V,719
XR SKULL MIN 4 VIEWS,841
XR SM INTEST FOLLO THRU ADD ON,"1,950"
XR SM INTEST SNGL CON STDY,581
XR SPINE 1 VIEW,254
XR SPINE ENTIRE THOR LUM 2-3V,608
XR SPINE ENTIRE THOR LUM MIN6V,735
XR SPINE ENTIRE THOR LUM1V,310
XR SPINE ENTIRE THOR LUM4-5,689
XR SPINE THOR LUM JUNCTION 2V,473
XR STERNOCLAVCLR JNT(S) MIN 3V,279
XR STERNUM MIN 2 VIEWS,227
XR STRESS VIEW ANY JOINT,312
XR SWAL FUNC CIN VID CON STDY,567
XR T SPINE 2 VIEWS,525
XR T SPINE AP LAT SWIM 3 VIEWS,558
XR T SPINE MIN 4 VIEWS,626
XR TIB FIB 2 VIEWS RT,810
XR TOE(S) MIN 2 VIEWS LT,589
XR UGI SNGL CON STDY,410
XR VOID CYSTOURETHROGRAM+,"1,142"
XR WRIST 2 VIEWS RT,712
XR WRIST COMP MIN 3 VIEWS RT,885
XRAY ERCP BILE+PANCREAS SYSTEM,746
XRAY ERCP BILIARY DUCT SYSTEM,529
XRAY ERCP PANCREATIC DUCT SYST,508
YAG CAPSULOTOMY LT,"5,550"
YAG SEVER VITREOUS STRANDS LT,"6,201"
ZINC LEVEL,147
ZONISAMIDE LEVEL,116