Charge Description,"CurrentPrice",,
,,,
3D PLANNING,"16,580",,
5 HIAA W/CREAT 24HR URINE,167,,
AB ELUTION (RBC) EA ELUTI,221,,
AB HIV-2 MULTISPOT BO,153,,
AB IDENTIFICATION RBC EA,710,,
AB SCREEN RBC EACH SERUM,351,,
ABG PUNCTURE,232,,
ACETYCHOLINE RECEPT AB RI,229,,
ACID FAST SMEAR BO,40,,
ACTH PLASMA,413,,
ACTIVATED PROTEIN C RESIS,261,,
ACYLCARNITINE QUANT PLASM,175,,
ADALIMUMAB CONC AB SERIAL,97,,
ADAMTS13 ASSAY,254,,
ADD TOOTH FULL DENT EA TO,205,,
ADD TOOTH TO PARTIAL DENT,248,,
ADDICT MED INDUCT WITHDRW,250,,
ADENOSINE DEAMINASE CSF,43,,
ADL 1:1 EA15 MIN OT,141,,
ADM 1ST VAC/TOX <=18 YO,78,,
ADMIN INFLUENZA VACCINE G,333,,
ADMIN PNEUMOCCOCAL VACCIN,333,,
ADMIN VACCINE  HEP B G001,333,,
ADMIN VACCINE TOXOID EA A,158,,
ADMIN VACCINE/TOXOID INTR,196,,
AFB CULTURE TISSUE,76,,
AFP AMNIOTIC FLUID,144,,
AFP AND AFP-L3,80,,
AH50 COMPLEMENT ALT PATH,259,,
AHG DIRECT IGG,123,,
AHG INDIRECT EACH AB TITE,175,,
ALBUMIN OTHER SOURCE EA,51,,
ALBUMIN SERUM/PLASMA WB,35,,
ALCOHOL/SUBSTANCE SBI 5-3,177,,
ALDOLASE SERUM,180,,
ALDOSTERONE SERUM OR URIN,463,,
ALKALINE PHOSPHATASE,45,,
ALKALINE PHOSPHATASE ISOE,129,,
ALLERGEN ALPHA LACTALBUMI,73,,
ALLERGEN PEANUT COMPONET,54,,
ALPHA-1 ANTITRYPSIN MUTAT,284,,
ALPHA-1-ANTITRYPSIN,112,,
ALPHA-FETOPROTEIN TUMOR,193,,
ALT (SGPT) ALANINE AMINO,56,,
ALUMINUM PLASMA,157,,
ALVEOPLASTY WITH EXT>=4SP,700,,
ALVEOPLSTY W/O EXTRCT=>4/,363,,
AMALGAM >=4 SURF PRIM OR,358,,
AMALGAM 1 SURF PRIMARY OR,151,,
AMALGAM 2 SURF PRIMARY OR,271,,
AMALGAM 3 SURF PRIMARY OR,305,,
AMIKACIN LEVEL,110,,
AMINO ACID SCREEN 6ORMORE,151,,
AMMONIA SERUM OR PLASMA,86,,
AMNIOCENTESIS DIAGNOSTIC,"1,394",,
AMP NA PROBE NOS VAGPLUS,210,,
AMPLIF NA PROBE VAGCAN BO,451,,
AMYLASE SERUM,59,,
ANAEROBIC CULTURE BO,41,,
ANAEROBIC IDENT BO,87,,
ANALGESIA (NITROUS OXIDE),75,,
ANESTHESIA 1ST HR,"1,050",,
ANESTHESIA EACH ADD 1/2 HR,400,,
ANESTHESIA LOCAL SET UP,380,,
ANEUPLOIDY 13 18 21 X Y,199,,
ANG COR LHC W WO VENT/ 93,"27,515",,
ANG COR RHC LHC W WO VENT,"32,463",,
ANG COR+GFT LHC W WO VENT,"29,467",,
ANG COR+GFT RHCLHC WWO VT,"36,518",,
ANGIO EXT BIILAT S&I/ 757,"6,879",,
ANGIO RENAL SEL SISC BI 3,"8,739",,
ANGIOTENSIN 1-CONVENZYME,226,,
ANTI DNA AB DOUBLE STR,216,,
ANTI DNASE B TITER,77,,
ANTI MICROBIAL ETEST SUSC,51,,
ANTI MULLERIAN HORMONE,90,,
ANTI NUCLEAR ANTIBODY,91,,
ANTI THYROID ANTIBODIES B,206,,
ANTIGEN VIII VW FACT ANTI,187,,
ANTISTREPTOLYSIN O TITER,125,,
AOR ABD+BIL ILIOFEMORAL/7,"5,599",,
APICOECTOMY/ANTERIOR,525,,
APOLIPOPROTEIN EACH,149,,
APP CAST SHORT LEG WALKER,357,,
APTT 50/50 MIX STUDY,31,,
APTT PLASMA OR WHOLE BLD,61,,
ART DUPLEX UPPER EXT BILA,"1,466",,
ARTH ASP INJ MED JNT WO U,902,,
ARTH ASP INJ SM JNT WO US,643,,
ASPERGILLUS GALACTOMAN AG,100,,
ASPR ABSCESS HEM CYST,775,,
ASPR/INJ GANGLION CYST(S),504,,
ASSTV TECHN ASSMNT 1:1 EA,113,,
AST (SGOT) TRANS ASP AMIN,53,,
AT3 ACTIVITY/AG REFLEX,173,,
ATHER WWO PTCA MC/B/92924,"26,193",,
ATHEREC TIBPER INIT SISC/,"17,371",,
ATHERECT FEMPOP ART SISC,"16,330",,
ATHR  DE STN/PTCA S MC/B/,"34,142",,
ATHR W STN/PTCA SGL MC/B/,"34,142",,
AUD PURE TONE THRES,232,,
AUD TYPANOGRAM,211,,
AVUL NAIL PLATE SIMPLE SI,636,,
B CELLS TOTAL COUNT,197,,
BACTERAL ISOLATE ID BO,65,,
BAMLANIVIMAB INF W MONITO,938,,
BARTONELLA IGG IGM ABS,80,,
BASIC DOSIMETRY,"1,875",,
BASIC METABOLIC PANEL W/T,134,,
BASIC VESTIBULAR EVAL,369,,
BCID PANEL BLOOD CULT PCR,121,,
BCKDHB GENE COM VAR BO,249,,
BCR GENE STUDY MINOR,559,,
BEH QLTV ANLYS OF VOICE R,450,,
BEHAVIOR MANAGEMENT,50,,
BENCE JONES/PROTEIN URINE,103,,
BETA 2 GLYCOPROTEIN 1 IGA,138,,
BETA 2 MICROGLOBULIN SERU,230,,
BETA 2 TRANSFERRIN FLUIDS,244,,
BETA GLOBIN COMPLETE,812,,
B-HUMAN CHOR GONO QNT IVF,295,,
BILE ACIDS FRACTIONATED,153,,
BILE ACIDS TOTAL OXY,127,,
BILIRUBIN DIRECT BILITD B,66,,
BILIRUBIN TOTAL,73,,
BIOPSY OF ORAL SOFT TISSU,400,,
BIOPSY OF ORAL TISS HARD,400,,
BIPAP/CPAP SUBSEQUENT DAY,446,,
BLADDER IRRIG SIMPLE LAV/,790,,
BLD TYP AG SCRN REAG SRM,444,,
BLD TYP RBC AG NOT ABO RH,444,,
BLM GENE BO,296,,
BLOOD GAS ANAYLYSIS ARTER,332,,
BLOOD TYPING ABO,232,,
BLOOD TYPING RH (D),287,,
BORDETELLA PERTUSSIS IGG,149,,
BRACHY PLAN S,"3,339",,
BRAIN NATIURETIC PEPTIDE,266,,
BRIEF INTERV DRUG &OR ALC,48,,
BRIEF TREATMENT PER 15MIN,133,,
BRUCELLA ANTIBODIES,42,,
BUN (UREA NITROGEN),48,,
BX CERVIX/EXC LSN W WO FU,"2,321",,
BX VULVA/PERINEUM 1 LSN,774,,
C PEPTIDE,279,,
C1Q BINDING,320,,
C4 COMPLEMENT,158,,
CA 125,287,,
CA 15.3,330,,
CA 19-9,214,,
CA ADDL KARYOTYPES EACH S,223,,
CADMIUM WHOLE BLOOD,142,,
CALCITONIN BLOOD,179,,
CALCIUM 24 HOUR URINE,47,,
CALCIUM IONIZED,90,,
CALCULUS (STONE) QUANT,165,,
CALORIC VEST TEST BITHERM,554,,
CALORIC VEST TEST MONOTHE,250,,
CALPROTECTIN FECAL,396,,
CANDIDA AMP PROB VAGPLUS,182,,
CARBAMAZEPINE(TEGRET)LVL,119,,
CARBAMAZEPINE(TEGRET)LVL,34,,
CARBOXYHEMOGLOBIN QUANT,99,,
CARDIAC REHAB W MONITOR,516,,
CARDIAC RHYTHM MON INTERR,170,,
CARDIOLIPIN AB IGA,237,,
CARDIOLOGY R/R EACH ADD .5 HR,330,,
CARDIOLOGY R/R UP TO .5 HR,"1,645",,
CARDIOVERSION/ 92960,"8,446",,
CARE TEAM CONF PER 15 MIN,30,,
CARNITINE QUANT,61,,
CAROTID DUPLEX COMPLETE B,"3,459",,
CAROTID DUPLEX UNI/LIMITE,955,,
CASE MGMT PER 15 MINS,20,,
CASIRIVIMAB INDEVIMAB INF,938,,
CATECHOLAMINES URINE FRAC,61,,
CATH SEL-2ND ABD/PEL/LE/3,"4,571",,
CBC COMPLETE BLD COUNT,47,,
CD3,304,,
CD45,552,,
CDC COVID 19 PCR MANUAL,314,,
CDU DRN FINGR ABSC COMP,"3,354",,
CEA SERUM,249,,
CELIAC HLA DQ ASSOCIATION,"1,316",,
CELL CNT BODY FLUIDS W DI,86,,
CEPHALOMETRIC FILM,286,,
CERULOPLASMIN SERUM,66,,
CERVIX CONIZATION W LOOP,"2,985",,
CERVIX CRYCAUTERY INITL/R,"2,375",,
CFVANTAGE CYSTC FIBR EXPN,"2,357",,
CH50 COMPLEMENT,288,,
CHEM CAUTERY GRAN TISSUE/,636,,
CHEMO ADM HORM SQ IM,"1,025",,
CHEMO ADM NON HORM SQ IM,"1,050",,
CHEMO ADMIN IVP EA ADD DR,"1,367",,
CHEMO ADMIN IVP SNG/INIT,"1,544",,
CHEMO INFUSN EA ADD SEQ T,"1,238",,
CHEMO IV INFUS W PUMP 8 H,"2,761",,
CHEMO IV INFUSION  EA ADD,993,,
CHEMO IV INFUSION INIT TO,"2,739",,
CHIKUNGUNYA AB IGG,72,,
CHLAM PN AMP PROBE RVPRAP,193,,
CHLAM/N GON ANAL/RECTAL T,233,,
CHLAMYDIA ANTIBODIES BO,95,,
CHLAMYDIA ANTIBODIES IGM,97,,
CHLAMYDIA/GC AMPLIF THINP,207,,
CHLORIDE CSF,25,,
CHLORIDE URINE RANDOM,54,,
CHOLESTEROL NMR BO3,81,,
CHRO ANAL AF CNT6-12COL 1,673,,
CHROM ANALYSIS 20-25 CELL,"1,238",,
CHROMOGRANIN A,171,,
CITRIC ACID RAND UR WITH,173,,
CK TOTAL,67,,
CKMB MASS ASSAY,64,,
CLD5 INSERTION,"2,577",,
CLINICAL EVAL SWALLOWING,399,,
CLOSTRIDIUM DIFFICILE BY,202,,
CLOZAPINE LEVEL,67,,
CMG COMPLEX,"1,687",,
CMG COMPLEX VP UPP STUDIE,"1,703",,
CMV BY PCR QUANT,567,,
COCCIDIOIDES ANTIBODY,69,,
COG FUNC THER 1TO1 1ST 15,92,,
COG FUNC THER 1TO1 ADD 15,89,,
COLD AGGLUTININ TITER,48,,
COLLECT CAP BLD FING HEEL,55,,
COLLECTN BLOOD SPEC FROM,323,,
COLPO CERVIX U/A VAG,515,,
COLPO CERVIX U/A VAG BX C,"3,359",,
COLPO CERVIX U/A VAG LOOP,"5,382",,
COMM/WRK REINTEG 1:1 EA15,226,,
COMP EPS EVL W ARR INDUCT,"9,306",,
COMP EPS LA RCD WWO PC/ 9,"4,130",,
COMP EPS W RA PCE/RCD/ 93,"13,544",,
COMP ORTHOD TX ADOLESCENT,986,,
COMP PREVENT E/M EST 12-1,133,,
COMP PREVENT E/M NEW 12-1,779,,
COMP PREVENT E/M NEW 18-3,451,,
COMPAT TEST EA U ANTIGLOB,219,,
COMPAT TEST EA U ELECTRON,210,,
COMPAT TEST EA U IMMED SP,348,,
COMPLEX CARE COORDINATION,378,,
COMPOSITE VENEERS (EACH),500,,
"COMPOSITE, 1 SURFACE,ANTE",244,,
"COMPOSITE, 2 SURFACES,ANT",315,,
"COMPOSITE, 3 SURFACE,POST",423,,
"COMPOSITE, 3 SURFACES,ANT",368,,
"COMPOSITE,1 SURFACE,POSTE",263,,
"COMPOSITE,2 SURFACE,POSTE",315,,
"COMPOSITE>= 4SURFACES,ANT",414,,
"COMPOSITE>=4SURFACE,POSTE",477,,
COMPREHENSIVE METABOLIC P,326,,
COMPREHENSIVE ORAL EXAM,"1,242",,
COMPRESSION DRESSING,530,,
CONCENTRATION INFECT AGEN,57,,
CONDITIONING PLAY,472,,
CONSULTATION,175,,
CONT RAD  PHYS  WEEKLY,"1,975",,
COPPER LEVEL,167,,
CORONAVIRUS SWAB SPEC LAB,64,,
CORTISOL AM TOTAL SERUM,105,,
CORTISOL FREE SERUM,147,,
COVID19 AMPPROB HITHRU 2D,63,,
COVID19 AMPPROBE HI THROU,300,,
COVID19 AMPPROBE NO HI TH,447,,
COVID-19 IGG ANTIBODY,106,,
COVID-19 PHP,240,,
COXSACKIE B ANTIBODIES,47,,
CPT 86353A AG/MITOGEN,263,,
C-REACTIVE PROTEIN,114,,
CREATININE BLOOD,95,,
CREATININE RANDOM URINE,86,,
CRISIS INTERV BRIEF 15M,176,,
CROWN - PORC FUSED TO NOB,338,,
"CROWN,PORCELAIN FUSED TO",400,,
CRP HIGH SENS CARDIAC,150,,
CRYOFIBRINOGEN,54,,
CRYOGLOB QUANT (CRYOCRIT),101,,
CRYPTOCOCCUS ANTIBODY,57,,
CRYPTOCOCUS AGGL SCRN AB,71,,
CRYSTAL ID SYNOVIAL FLUID,94,,
CSF PCR PANEL,651,,
CT 3D RECONSTRUCT WO WRK,523,,
CT ABDOMEN AND PELVIS,"1,948",,
CT ABDOMEN AND PELVIS IC,"2,670",,
CT ABDOMEN AND PELVIS WAW,"3,214",,
CT ABDOMEN ONLY,"1,167",,
CT ABDOMEN ONLY IC,"1,403",,
CT ABDOMEN ONLY WAW IC,"1,580",,
CT ANGIO ABD AOR W RUN(W),"1,337",,
CT ANGIO ABD PELV OC (W)A,"2,241",,
CT ANGIO BRAIN (W)AW IC,"1,372",,
CT ANGIO CHEST (W)AW IC,"1,579",,
CT ANGIO HEART CORONARY I,"1,340",,
CT ANGIO LWR EXT (W)AW IC,"2,204",,
CT ANGIO NECK (W)AW IC,"1,808",,
CT ANGIO UPR EXT (W)AW IC,"1,716",,
CT BRAIN,856,,
CT BRAIN IC,"1,210",,
CT BRAIN WAW IC,"1,247",,
CT CERVICAL SPINE,840,,
CT CERVICAL SPINE IC,"1,316",,
CT CERVICAL SPINE WAW IC,"1,829",,
CT CHEST,869,,
CT CHEST IC,"1,221",,
CT CHEST WAW IC,"1,491",,
CT COLONOGRAPHY DIAGNOSTI,"1,550",,
CT FEMUR ONLY WAW IC LT,"2,004",,
CT GUIDANCE NDL PLC SI,"1,655",,
CT GUIDANCE TISSUE ABLAT,"1,111",,
CT GUIDE FOR PLACE RT FIE,"1,782",,
CT HEART CALCIUM SCORE,321,,
CT HEART OTHER IC,"1,127",,
CT HIP ONLY RT,"1,111",,
CT LUMBAR SPINE,906,,
CT LUMBAR SPINE IC,"2,033",,
CT LUMBAR SPINE WAW IC,"2,101",,
CT LWR EXT IC LT,"1,822",,
CT MAXILLOFACIAL,"1,026",,
CT MAXILLOFACIAL IC,"1,338",,
CT MAXILLOFACIAL WAW IC,"1,569",,
CT NECK SOFT TISSUE,"1,103",,
CT NECK SOFT TISSUE IC,"1,493",,
CT NECK SOFT TISSUE WAW I,"1,726",,
CT ORBITS,"1,020",,
CT ORBITS IC,"1,277",,
CT ORBITS WAW IC,"1,342",,
CT PELVIS ONLY,"1,015",,
CT PELVIS ONLY IC,"1,210",,
CT PELVIS ONLY WAW IC,"1,524",,
CT PERFUSION W MAPS IC,853,,
CT SHOULDER ONLY RT,965,,
CT THORACIC SPINE,906,,
CT THORACIC SPINE IC,"1,144",,
CT UPR EXT IC LT,"1,201",,
CUD5 INSERTION,"2,577",,
CULTURE ABSCESS AER GRAM,115,,
CULTURE BLOOD,105,,
CULTURE CHLAMYDIA,117,,
CULTURE FECES (STOOL),101,,
CULTURE GRP B STREP SCREE,117,,
CULTURE URINE COL COUNT,38,,
CYANIDE BLOOD,89,,
CYCLIC CITRULLINATED PEP,175,,
CYCLOSPORINE LEVEL,168,,
CYSTATIN-C WITH EGFR,184,,
CYSTICERCOSIS (HELMINTH),110,,
CYSTINE URINE QUANT SGL,138,,
CYSTO,"5,780",,
CYTO CONCENTRATION TECH,235,,
CYTO FLUIDS WASH BRUSH,125,,
CYTO LIQUID BASED NON GYN,217,,
CYTOKINE PANEL 12,160,,
CYTOMEGALO CMV QUAL PCR S,249,,
CYTOMEGALOVIRUS (CMV) IGG,230,,
CYTOMEGALOVIRUS (CMV) IGM,116,,
CYTO-PAP OTHER SOURCE W P,176,,
D-DIMER QUANTITATIVE,118,,
DEB EPID/DERM <=20 SQ CM,"3,852",,
DEB EPID/DERM EA AD 20 SQ,654,,
DEB MUS/FASCIA <=20 SQ CM,"1,397",,
DEB NAILS >=6,230,,
DEB NAILS 1-5,180,,
DEB SQ TISSUE <= 20 SQ CM,"5,481",,
DEB SQ TISSUE EA AD 20 SQ,548,,
DECALCIFICATION,82,,
"DECLOT,THROMBOLYTIC-VAD/C","1,000",,
DENT RELIN COMP LOW LAB,250,,
DENT RELIN COMP UPER LAB,250,,
DENT RELIN LO PART OFICE,395,,
DENTURE PARTIAL LOWER ACR,501,,
DENTURE PARTIAL UPER ACR,501,,
DENTURE REPR COMP MAXILLA,341,,
DEST BENIGN <=14 LSN,636,,
DEST LSN(S) VULVA SIMPLE,"3,858",,
DEV TEST ADMIN MD/QHP 1ST,375,,
DEV TEST ADMIN MD/QHP ADD,300,,
DEVICE COMPLEX,"4,356",,
DEVICE SIMPLE,"1,809",,
DHEA,191,,
DHEA SULFATE,233,,
DIABETES TRAIN GROUP 30 M,219,,
DIABETES TRAIN IND 30 MIN,338,,
DIAGNOSTIC CASTS,120,,
DIFF WBC CT MAN (ORDERED),37,,
DIGITOXIN LEVEL,77,,
DIGOXIN LEVEL TOTAL,87,,
DILANTIN (PHENYTOIN)TOT L,101,,
DILANTIN FREE (PHENYTOIN),73,,
DISACCHARIDASE,74,,
DISPENSING FEE MONAURAL,200,,
"DISPENSING FEE, BINAURAL",200,,
"DISPENSING FEE, MONAURAL",200,,
D-LACTATE,94,,
DM1 SOUTHERN BLOT,421,,
DNA ANTIBODY SINGLE STRAN,60,,
DOP ECHO FET MID CERBRL A,455,,
DOP ECHO FET UMBL ART,376,,
DOPPL ECHO COLOR FLOW MAP,"1,676",,
DOPPLER ECHO COMP W SPECT,"1,768",,
DPMPK REPEAT ANALYSIS,276,,
DPYD GENE BO,825,,
DRESS/DEBRIDE <5% BSA,648,,
DRESS/DEBRIDE LARGE >10%,"1,137",,
DRESS/DEBRIDE MED >5%-10%,957,,
DUPLEX ABD PELVIC COMPLET,"3,952",,
DUPLEX ABD/PELVIC LIMITED,"1,530",,
DUPLEX AORTA IVC ILIAC LT,"1,061",,
DUPLEX EXT VEINS UPPER LT,"1,928",,
DUPLEX LOW ARTERIES COMP,"2,331",,
DUPLEX LOW ARTERIES UNI L,"1,045",,
DUPLEX SCAN EXT VEINS LOW,"2,878",,
DUPLEX UP EXT UNI LTD RT,926,,
DX BONE MARROW ASPRATION(,"6,419",,
DX BONE MARROW BX(S) RT,"6,091",,
E HISTOLYTICA AG EIA STOO,80,,
E STIM 1TO1 1/MORE AREAS,113,,
E&M LEVEL 3 NEW PT,800,,
E&M LEVEL 4 NEW PT,"1,000",,
E&M LEVEL 5 NEW PT,"1,200",,
E/M 1 CONSULT 15 MIN,450,,
E/M 1 EST PATIENT,200,,
E/M 2 CONSULT 30 MIN,650,,
E/M 2 EST PATIENT,400,,
E/M 2 NEW PATIENT,600,,
E/M 3 CONSULT 40 MIN,850,,
E/M 5 EST PATIENT,"1,000",,
E/M NEW PT LEVEL 1,400,,
EBV ANTIBODY PANEL BO,71,,
ECHO GUIDE FOR AMNIOCENTE,244,,
ECHO TEE W DOPP COLOR FLO,"4,594",,
ECHO TTE WO CON COMP W DO,"4,210",,
EEG 2-12HR UNMONITORED,"1,004",,
EEG AWAKE AND ASLEEP,"3,697",,
EEG AWAKE AND DROWSY,"2,718",,
EEG EA 12-26HR CONTIN MON,"2,430",,
EEG EA 12-26HR UNMONITORE,"2,008",,
EEG EXTENDED 61-119 MIN,"4,168",,
EEG-EXTENDED 41-60 MIN,"2,432",,
EKG TRACING ONLY/93005,600,,
ELASTASE STOOL,182,,
ELECTRICAL STIMULAT UNATT,149,,
ELECTROLYTE PANEL,90,,
ELECTRON MICRO DX TC IN P,"1,630",,
EMG ANAL/URETHRL SPH WO N,"1,030",,
ENDOAB TITER EA AB BO,122,,
ENDOMETRIAL BX WO CERV DI,"2,823",,
ENTAMOEBA HISTOLYTICA AB,113,,
ENTEROVIRUS PCR,154,,
EOSINOPHIL COUNT,45,,
EPLEX RESP PNL GENMRK EA,414,,
EPSTEIN BARR VIR DNA PCR,246,,
EPSTEIN-BARR VIR EBNA AB,71,,
EPSTEIN-BARR VIRUS EA AB,206,,
ER ABSCESS ID COMP OR MUL,821,,
ER APPL FINGR SPLNT STC,286,,
ER APPL LONG ARM SPLINT,542,,
ER APPL SHORTLEG SPLINT,546,,
ER APPL SHRTARM SPLNT ST,283,,
ER ARTERIAL CATHETRZATN,485,,
ER ASP INJ MAJ JNT WO US,"1,052",,
ER BLEPHAROT ABSCES LID,840,,
ER CHNGE CYSTO TUBE SMP,562,,
ER CLOS TX D PHALAN FX W,897,,
ER CLOS TX D PHALAN FX WO,597,,
ER CLOS TX FX MCPIP JNT W,830,,
ER CLOS TX IP JNT DSLC WO,950,,
ER CLOS TX MCP DSLC WO AN,584,,
ER CLOS TX MCP FX W M,"1,009",,
ER CLOS TX MTP JNT DSLC,523,,
ER CLOS TX PHAL SHFT FX W,"1,208",,
ER CLOS TX PHAL SHFT FXWO,949,,
ER CLOSTX ANKL DSLC WO A,"1,215",,
ER CLOSTX BIMLR FX W MAN,"1,638",,
ER CLOSTX CARPL DSLC1MOR,848,,
ER CLOSTX CLAVICLE FX WOM,721,,
ER CLOSTX COLLESMITH FXWM,"1,639",,
ER CLOSTX COLLESMITHFXWOM,992,,
ER CLOSTX DSTL FIB FXWO M,915,,
ER CLOSTX FX GT TOE WO MN,523,,
ER CLOSTX FX PHALNX MANIP,911,,
ER CLOSTX FX PHALNX WO M,836,,
ER CLOSTX HIP ARTH DSLC,"1,256",,
ER CLOSTX HUMER SCTCFXWOM,"1,112",,
ER CLOSTX HUMER SHFT FXWM,"3,274",,
ER CLOSTX IP JNT DISLC,588,,
ER CLOSTX METATRSL FX W M,719,,
ER CLOSTX NASAL FX WOM,561,,
ER CLOSTX NASAL FXWOSTBL,"2,738",,
ER CLOSTX PATELA DSLC WOA,"1,456",,
ER CLOSTX RADIALHD SBLXWM,498,,
ER CLOSTX RADIALHEAD FX M,"1,660",,
ER CLOSTX SHLDR DSLC WOAN,995,,
ER CLOSTX TMJ DSL INI SUB,476,,
ER CLOSTX TRIMLR FX W M,"3,027",,
ER CLOSTX ULNA FX PROX WM,"1,638",,
ER CLOSTXMED MALLE FX W M,"3,270",,
ER CONTRL NASALHEMRG A C,429,,
ER CONTRL NASALHEMRG A S,426,,
ER CONTRL NASALHEMRG P I,558,,
ER CPR,"1,263",,
ER CRITICALCARE ADDL 30M,657,,
ER CRITICALCARE1ST30-74M,"3,314",,
ER DRAIN EXT EAR SMPL,"1,175",,
ER DRN DENTOALVEOLAR,581,,
ER DRN FINGR ABSC SMPL,700,,
ER DRN SCROTAL WALL ABS,"1,618",,
ER ENDOTRACHEAL INTUBATN,751,,
ER EVAC SUBUNG HEMATOMA,133,,
ER FB REMOVE CONJUNCTIVA,431,,
ER FB REMOVE CORNEA WO SL,618,,
ER FB REMOVE CORNEA WSLIT,758,,
ER FORESKIN MANIPULATN,482,,
ER GASTRIC INTUB ASP MD,519,,
ER GLUCOSE BLD STRIP POC,20,,
ER ID ABCES SMPL SNGL,467,,
ER ID ABSC PERIANL SPR,"1,401",,
ER ID ABSCS PERITONSIL,695,,
ER ID BARTHOLIN GLAND ABS,456,,
ER ID HEMATOMA SEROMA,"2,864",,
ER ID THRMB HEMRRD EXT,701,,
ER ID VULVA PERINEAL ABSC,766,,
ER INCISN RMV FB SQ SMPL,775,,
ER INJ SQ IM,450,,
ER INJ(S)AN STR PERIPH NR,757,,
ER INJ(S)AN STR TRIG NRV,810,,
ER INJ(S)TRIGR PT(S)1-2M,954,,
ER INS NONTUN CVC 5Y OLDR,"2,872",,
ER INTRO NDL CATH VEIN,162,,
ER IV INFUS HYDR ADD HR,575,,
ER IV INFUSN CONCURRENT,358,,
ER IVP E ADDL SAME DRUG,288,,
ER IVP E DIFFERENT DRUG,370,,
ER IVP INITIAL DRUG,485,,
ER LARYNGSCPY FLX DX,"1,745",,
ER MOD SED DIFF 5YR 15M,440,,
ER MOD SED DIFF EA AD 15M,255,,
ER MOD SED DIFF LES 5Y 15M,440,,
ER MOD SED SAME 5YR 15 MIN,440,,
ER MOD SED SAME EA ADD 15M,255,,
ER OBSERVATION PER HR,600,,
ER PARACENTESIS WO IMG,"1,941",,
ER PERICARDIOCENTESIS W I,"2,892",,
ER PILONIDAL CYST ID SIMP,715,,
ER PLC NDL INTRAOS INFS,578,,
ER PULSE OX MULTI,291,,
ER PVR URINE US NO IMG,235,,
ER REMOVE FB EAC WO ANES,308,,
ER REPAIR NAIL BED,"1,203",,
ER RMV CERUMEN W INSTRMT,198,,
ER RMV FB FOOT SUBQ,"1,754",,
ER RMV FB INTRANASAL,230,,
ER RMV FB MUSC TEND DEEP,"8,552",,
ER RMV IMPCT CERUMN IRIG,166,,
ER RPLC GASTR TUBE WO IMG,814,,
ER RPR CMPX 1.1-2.5 CM,895,,
ER RPR CMPX 2.6-7.5 CM,"1,606",,
ER RPR CMPX SAL ADD 5CM,770,,
ER RPR CMPX SAL2.6-7.5CM,"1,337",,
ER RPR EX TENDON FNGR WOG,"3,274",,
ER RPR INT FEENL7.6-12.5,857,,
ER RPR INT FEENLM <=2.5,655,,
ER RPR INT FEENLM 2.6-5,775,,
ER RPR INT FEENLM12.6-20,"1,169",,
ER RPR INT FEENLM5.1-7.5,837,,
ER RPR INT NHFG <=2.5CM,572,,
ER RPR INT NHFG 2.6-7.5,764,,
ER RPR INT NHFG 7.6-12.5,835,,
ER RPR INT SATE <=2.5CM,665,,
ER RPR INT SATE 12.6-20,"1,073",,
ER RPR INT SATE 2.6-7.5,775,,
ER RPR INT SATE 7.6-12.5,809,,
ER RPR LIP UPTOHALF HI,"1,877",,
ER RPR LIP VERMILN ONLY,"1,682",,
ER RPR SMP FEENL7.6-12.5,834,,
ER RPR SMP FEENLM <=2.5,642,,
ER RPR SMP FEENLM 2.6-5,707,,
ER RPR SMP FEENLM5.1-7.5,757,,
ER RPR SMP SNAGT 7.6-12.5,716,,
ER RPR SMP SNAGT<=2.5CM,625,,
ER RPR SMP SNAGTE2.6-7.5,708,,
ER RPR SMP SNAGTE20.1-30,"1,393",,
ER RPR TONGUE A UP 2.56C,527,,
ER RPR TONGUE P UPTO2.5C,971,,
ER SPINAL TAP LUMBAR DX,"1,918",,
ER TDAP ADMIN VACCIN INIT,333,,
ER TEMP BLADR CATH CMPLC,541,,
ER TEMP BLADR CATH SMPL,372,,
ER TRAUMA LEV1 ACTV FULL,"7,055",,
ER TRM NONDYSTR NAIL(S),221,,
ER TUBE THORACOSTOMY OPEN,"2,353",,
ER TX CLOS ELBOWDSLC WOAN,"1,264",,
ER VISIT E/M 1,875,,
ER VISIT E/M 2,"1,312",,
ER VISIT E/M 3,"1,894",,
ER VISIT E/M 4,"2,113",,
ER VISIT E/M 5,"2,331",,
ER WEDG EXC SKIN NAIL F,388,,
ERYTHROPOIETIN LEVEL,276,,
ESTRADIOL TOTAL,372,,
ESTRIOL NTD3 BO,117,,
ESTROGENS TOTAL,264,,
ETHOSUXIMIDE LEVEL,88,,
ETHYLENE GLYCOL LEVEL,48,,
EV SPC SD PRD W EV LNG CO,600,,
EVAL RX SPCH DEVC W/PT 1S,354,,
EVAL SPEECH SOUND PROD,687,,
EVAL USE/FIT VOICE PROSTH,338,,
EVEROLIMUS WHOLE BLOOD,142,,
EXC BN LSN NST SNHFG.6-1C,"1,988",,
EXC NAIL & MATRIX,"1,350",,
EXCSN BENIGN NEOP>1.25CM,400,,
EXM RETR PATH FOR MOL ANA,76,,
EXPOSURE TO AID ERUPTION,500,,
EXTRACT COMPLET BONY IMPA,"1,242",,
EXTRACT PART BONY IMPACTI,"1,242",,
EXTRACT RESIDUAL TOOTH RO,"1,242",,
EXTRACT SOFT TISSUE IMPAC,"1,242",,
EXTRACTABLE NUC AG EA AB,86,,
EXTRACTION TOOTH/EXPOSE R,"1,242",,
EXTRACTION-SURGICAL,"1,242",,
FACTOR II ASSAY,107,,
FACTOR IX ASSAY,204,,
FACTOR V (NOT MUTATION),184,,
FACTOR VII ASSAY,126,,
FACTOR VIII ASSAY,205,,
FACTOR XI ASSAY,202,,
FACTOR XII ASSAY,190,,
FACTOR XIII ACTIVITY,229,,
FACTOR XIII SCREEN,217,,
FAMILY PSYTX W/O PT 50M,458,,
FANCC GENE COM VAR BO,359,,
FAT FECES QUAL,42,,
FATTY ACIDS NONESTERIFIED,63,,
FDP FIBRIN SPLIT PROD SEM,59,,
FECAL LEUKOCYTE QUAL,32,,
FECAL OCCULT BLOOD IMMUNO,49,,
FERRITIN SERUM,189,,
FETAL BIOPHY W NON STRESS,793,,
FETAL BIOPHY WO NON STRES,650,,
FETAL CELL SCREEN ROSETTE,40,,
FETAL FIBRONECTIN SEMIQUA,618,,
FETAL NON STRESS TEST,670,,
FIBRINOGEN ACTIVITY,41,,
FIBRINOGEN ANTIGEN,110,,
FISH GENETIC TEST 100-300,726,,
FIT & INSERT PESSARY/DEVI,504,,
FIXED PARTIAL DENT REPAIR,500,,
FLEX ENDOSC EVAL SWALLOW/,421,,
FLT3 ITD AND D835 MUTATIO,555,,
FLU A B RSV DETECTION BY,476,,
FLUORO UP TO 1 HR/76000,983,,
FLURO EVAL SWALLOW/CINE O,613,,
FLUSH IMPLANTED VAD,473,,
FMR1 GENE DETECTION BO,761,,
FNA IMMED 1ST EVAL MD EVA,348,,
FNA INTERPRETATION REPORT,290,,
FOLIC ACID RBC,145,,
FOLIC ACID SERUM (FOLATE),208,,
FRANCISELLA TULARENSIS AB,147,,
FRC OR RV;HELIUM/NITROGEN,596,,
FREE T3 (TRIIODOTHYRONINE,281,,
FROZEN SECTION 1ST BLOCK,348,,
FROZEN SECTION ADDL BLOCK,107,,
FSH (FOLLICLE STIMU HORMO,246,,
FU NUTRITION THERP 15MN,100,,
FUNDUS PHOTO W I&R,370,,
FUNGAL CULTURE BLOOD,129,,
FUNGAL CULTURE SITE,177,,
FUNGUS CUTANEOUS CULT,87,,
FX METATARSAL WO MAN,692,,
GABAPENTIN LEVEL,120,,
GAIT TRAINING 1TO1 E15M,156,,
GAMMA (GGT) GLUTAMYLTRANS,98,,
GASTRIN,127,,
GAUCHERS DNA EA,302,,
GENTAMICIN LEVEL TROUGH,118,,
GI PCR PANEL STOOL,770,,
GIARDIA ANTIGEN,69,,
GLUCOSE 6-PHOSPHATE (G6PD,255,,
GLUCOSE FLUID/OTHER,36,,
GLUCOSE GEST SCREEN 1HR,49,,
GLUCOSE LACTOSE BEYOND 3,38,,
GLUCOSE QUANT BLOOD,40,,
GLUCOSE RALS,42,,
GLYCOGEN STORAGE,175,,
GONIOSCOPY,265,,
GRAM STAIN,65,,
GRANULOCYTE ANTIBODIES,114,,
GROUP THERAPY-HDGPRT 45-5,249,,
GROWTH HORMONE (HGH),172,,
GRP B BETA STREP DNA (PCR,98,,
GTT 3HR GESTATIONAL,126,,
HAPTOGLOBIN QUANT,88,,
HBB GENE COM VAR BO,"1,082",,
HCG (GONADOTROPIN) QUAL,124,,
HCG FREE BETA CHAIN NTD B,92,,
HD INPATIENT ESRD AKI,"2,361",,
HDL CHOLESTEROL,101,,
HDR BRACHY 1 CHANNEL,"5,993",,
HDR BRACHY 2-12 CHANNELS,"7,342",,
HEARING AID CHECK - MONAU,153,,
HEAVY METL TIME URINE ARS,151,,
HELICOBACTER PYLORI AB BO,59,,
HELICOBACTER PYLORI STOOL,80,,
HEMATOCRIT,19,,
HEMOCHROMATOSIS,340,,
HEMOGLOBIN,11,,
HEMOGLOBIN A1C (GLYCOSYL),194,,
HEMOGLOBIN F HPLC,168,,
HEMOGLOBIN PLASMA,50,,
HEP B GENO AND DRUG RESIS,778,,
HEP B VIRAL DNA PCR QUANT,669,,
HEPARIN ASSAY,172,,
HEPARIN INDUCED PLT AB,108,,
HEPATIC FUNCTION PANEL,83,,
HEPATITIS A ANTIBODY IGM,81,,
HEPATITIS A IGG ANTIBODY,91,,
HEPATITIS B CORE AB IGM,130,,
HEPATITIS B CORE AB TOTAL,81,,
HEPATITIS B SURFACE ANTIB,95,,
HEPATITIS B SURFACE ANTIG,167,,
HEPATITIS BE ANTIBODY,68,,
HEPATITIS BE ANTIGEN,71,,
HEPATITIS C ANTIBODY,207,,
HEPATITIS C NS5B DRUG RES,675,,
HEPATITIS C RNA RT QUAL,165,,
HEPATITIS C RNA RT QUANT,265,,
HEPATITIS DELTA AGENT AB,59,,
HEPATITIS PANEL ACUTE,290,,
HERPES 6 (HSV 6) PCR,391,,
HERPES SIMP TYPE 1 AB,173,,
HERPES SIMP VIRUS CULT NE,96,,
HERPES SIMPLEX 1/2 AB BO,153,,
HERPES SIMPLEX IGM TORCH,140,,
HERPES SIMPLEX TYPNG REFH,36,,
HGB ELECT W INTRP AND REF,138,,
HHV-6 CSF PCR,54,,
HISTAMINE,200,,
HISTOPLASMA ANTIBODY,75,,
HIV 2 DNA RNA QUAL RT PCR,365,,
HIV-1 AND 2 AG-AB SCREEN,137,,
HIV-1 GENOTYPE DRUG RESIS,"1,182",,
HIV-1 INTEGRASE GENOTYPE,751,,
HIV-1 RNA BY TMA QUAL,192,,
HIV-1 RNA RT QUANT VIRAL,387,,
HLA I LR B27 SINGLE AG,621,,
HLA I LR COMPLETE TYPING,"3,010",,
HLAB5701,536,,
HLX CALR CASE,"1,331",,
HOMOCYSTEINE SERUM,408,,
HPV GENO 1618/45 AMP NA P,458,,
HPVHR GENO AMP NA PROBE,270,,
HSPP ASPERGILLUS BO,45,,
HSV AMP PROBE TECH,189,,
HTLVI/II AB SCREEN W CONF,88,,
HYDROXYPROGESTERONE 17-D,218,,
I & D INTRAORAL,181,,
IFA ENC1 BO,195,,
IGG4 SUBCLASS,63,,
IKBKAP GENE COM VAR BO,300,,
IMMFLUO INI SGL AB T IN P,483,,
IMMIGRATION TREPONEMA AB,62,,
IMMSTN ADD SNGL AB T IN P,238,,
IMMSTN INIT SGL AB T IN P,332,,
IMMUNOELECT WITH REFLEX,105,,
IMMUNOFIX ELECTROPHORESIS,191,,
IMMUNOFLUOR ADDL SGL AB,229,,
IMMUNOGLOB FREE LIGHT CHA,122,,
IMMUNOGLOBULIN IGE EA,197,,
IMMUNOGLOBULIN IGG EA,199,,
IMPLANT PLACEMENT ENDOSTE,"1,350",,
IMRT CMPLX,"7,808",,
IMRT DEVICE MLC,"6,382",,
IMRT PLANNING,"17,061",,
IMRT SIMPLE,"7,431",,
INF AGT GENO HEPC HEPCNS5,"2,555",,
INFLUENZA B VIRUS AB INFL,153,,
INHIBIN A,66,,
INIT TX 1ST DEGREE BURN,571,,
INJ ANES/PLANTAR DIG NERV,635,,
INJ HC AORTOGRAPHY/ 93567,"1,755",,
INJ(S) SGL TENDON/LIG APO,561,,
INJ(S) TENDON ORIGIN/ 205,571,,
INS SQ CAR RHY MON W PRG3,"14,367",,
INSECT ID MACRO EXAM,51,,
INSERT CATH BLAD NON INDW,438,,
INSERT DRUG DEL IMPLANT,428,,
INSERT IABP PERCUT/33967,"1,009",,
INSERT IUD,"1,969",,
INSULIN ANTIBODIES,254,,
INSULIN FREE,68,,
INSULIN TOTAL,158,,
INTERIM COMP DENTURE MAND,"1,000",,
INTERIM PARTIAL DENT MAXI,117,,
INTERM COMPLT DENTURE MAX,"1,000",,
INTERROG DEV EVAL S/D/M L,151,,
INTERROG DEV EVAL S/D/M L,187,,
INTRACARDIAC ECHO/ 93662,"3,787",,
INTRAVESICAL CHEMO-BLADDR,"5,411",,
INTRCARD EPS 3D MAPPING/,"7,519",,
INTRINSIC FACTOR AB,92,,
IORT,"19,184",,
IRON SERUM,60,,
ISH INIT SGL PRB TC OUT P,423,,
ISLET CELL ANTIBODY,115,,
IV DOP VELOCIT EA ADD VES,"2,896",,
IV DOP VELOCITY-INIT VES/,"6,092",,
IV INF TX/DX EA SEQ NW DR,"1,168",,
IV INFUS HYDRATN INIT 31M,"1,690",,
IV INFUSN TXPXDX;EA ADD H,901,,
IV INFUSN TXPXDX;INIT TO,"1,829",,
JAK2 EXON 12,825,,
JAK2 MUTATION GENE STUDY,"1,541",,
KEPPRA LEVEL,101,,
KETONE BODIES SERUM QUAL,47,,
KETONE B-OH SERUM QUANT,57,,
KLEIHAUER BETKE OB RHOGAM,42,,
L&D R/R UP EACH ADD .5 HR,230,,
L&D R/R UP TO 1 HR,"1,365",,
LACOSAMIDE (VIMPAT) LEVEL,69,,
LACTOFERRIN FECAL QUANTIT,50,,
LAMICTAL (LAMOTRIGINE) LE,211,,
LDH ISOENZYMES,60,,
LDH TOTAL,73,,
LDL CHOLESTEROL,84,,
LEAD BLOOD,166,,
LEGIONELLA AB,51,,
LEGIONELLA AG (URINE),54,,
LEPTOSPIRA ANTIBODY IGM,50,,
LEVEL 1 GROSS EXAM ONLY,193,,
LEVEL 2 GROSS AND MICRO,247,,
LEVEL 3 GROSS AND MICRO,306,,
LEVEL 4 GROSS AND MICRO T,406,,
LEVEL 5 GROSS AND MICRO,783,,
LEVEL 6 GROSS AND MICRO,"1,244",,
LH (LUTEINIZING HORMONE),235,,
LIDOCAINE LEVEL,51,,
LIMITED ORAL EXAM,140,,
LIPASE,86,,
LIPID PANEL,155,,
LIPOPROTEIN A,165,,
LIPOPROTEIN ELECTROPHORES,64,,
LITHIUM LEVEL,60,,
LYME AB WESTERN BLOT CONF,225,,
LYME DNA PCR,228,,
LYME VISE IGG IGM AB RFLX,153,,
MAG ANTIBODY WESTERN BLOT,124,,
MAGNESIUM,75,,
MALARIA SMEAR SIUH,111,,
MANUAL THERAPY 1:1 EA15 M,311,,
MASSAGE TX 1TO1 1/MOR ARE,135,,
MCOLN1 GENE COM VAR BO,296,,
MED NEB,527,,
MERCURY QUANT,168,,
METANEPHRINES PLASMA,177,,
METHOTREXATE LEVEL,97,,
MG LOCAL BRST 1STLT SISC,"3,718",,
MG LOCAL BRST ADDLT SISC,728,,
MG MAMMO DIAG BI,893,,
MG MAMMO DIAG RT,822,,
MG MAMMO SCREEN BI,980,,
MG STEREO BX 1ST LT SISC,"9,978",,
MG STEREO BX ADD LT SISC,"1,900",,
MG TOMOSYNTHESIS DX BI,89,,
MG TOMOSYNTHESIS SCR BI,89,,
MG US BREAST COMPLETE LT,"1,773",,
MG US BREAST LIMITED LT,"1,080",,
MG US BX BRST 1ST RT SISC,"8,201",,
MG US BX BRST ADD LT SISC,"4,523",,
MG US LOCAL BRST 1STRT SI,"3,637",,
MG US LOCAL BRST ADDRT SI,521,,
MG XR BONE DENSITY APPEND,483,,
MG XR BONE DENSITY AXIAL,821,,
MICROALBUMIN URINE RANDOM,75,,
MICROSOMAL ANTIBODIES,250,,
MOLECULAR GEN STUD IGR KA,"1,233",,
MOLECULAR GEN STUDY TCR G,"1,300",,
MOLECULAR GENE PROTHROMBI,489,,
MOLECULAR GENE STUDY IGR,"1,441",,
MOLECULAR GENE STUDY TCR,"1,045",,
MOLECULAR GENETICS FACTOR,437,,
MOLECULAR GENETICS MTHFR,400,,
MONOSPOT HETEROPHILE AB,163,,
MPL MUTATION ANALYSIS,484,,
MR ABDOMEN,"2,220",,
MR ABDOMEN IC,"2,619",,
MR ABDOMEN WAW IC,"3,614",,
MR ANGIO ABDOMEN IC,"2,750",,
MR ANGIO ABDOMEN WAW IC,"3,795",,
MR ANGIO BRAIN,"3,076",,
MR ANGIO CHEST NOT CARD,"2,031",,
MR ANGIO CHEST NOT CARD W,"4,536",,
MR ANGIO NECK,"3,178",,
MR ANGIO NECK IC,"3,494",,
MR ANGIO NECK WAW IC,"3,846",,
MR ANKLE WAW IC RT,"3,392",,
MR ARTHRO SHOULDER RT,"2,363",,
MR BRACHIAL PLEXUS CHEST,"2,407",,
MR BRAIN,"2,217",,
MR BRAIN IC,"2,781",,
MR BRAIN WAW IC,"3,829",,
MR BREAST BI,"1,173",,
MR BREAST WAW IC BI,"2,598",,
MR BX BRST 1ST LT SISC,"7,712",,
MR BX BRST ADD RT SISC,"3,195",,
MR CARD MORPH/FUNCTION,"2,259",,
MR CARD MORPH/FUNCTION WA,"4,165",,
MR CHEST,"1,934",,
MR CHEST WAW IC,"4,087",,
MR FOOT IC RT,"2,763",,
MR FOOT RT,"2,648",,
MR FOOT WAW IC RT,"4,191",,
MR HAND IC RT,"2,482",,
MR HAND LT,"2,296",,
MR HAND WAW IC LT,"2,993",,
MR JOINT(S) TMJ,"1,763",,
MR KNEE IC LT,"2,601",,
MR KNEE RT,"2,163",,
MR ORBIT FACE AND/OR NECK,"2,104",,
MR ORBIT FACE AND/OR NECK,"2,533",,
MR ORBIT FACE AND/ORNECK,"3,724",,
MR PELVIS,"2,576",,
MR PELVIS IC,"2,734",,
MR PROSTATE WAW IC,"4,630",,
MR SHOULDER LT,"2,305",,
MR SHOULDER WAW IC LT,"3,205",,
MR SPINE CERVICAL,"2,195",,
MR SPINE CERVICAL IC,"2,490",,
MR SPINE CERVICAL WAW IC,"3,267",,
MR SPINE LUMBAR,"2,228",,
MR SPINE LUMBAR IC,"3,313",,
MR SPINE LUMBAR WAW IC,"3,598",,
MR SPINE THORACIC,"2,175",,
MR SPINE THORACIC IC,"3,119",,
MR SPINE THORACIC WAW IC,"3,271",,
MR VENOGRAM BRAIN IC,"3,190",,
MR VENOGRAM BRAIN WAW IC,"4,620",,
MRSA MSSA PCR,196,,
MRSA MSSA PCR BO,170,,
MSLT OR MWT MULTIPLE TRIA,"7,632",,
MUMPS IGG ANTIBODY,263,,
MURAMIDASE LYSO SERUM,236,,
MVISTA HISTOPLASMA AG URI,52,,
MYCOBACTERIUM TB PCR NON,290,,
MYCOPHENOLATE LEVEL,155,,
MYCOPLAS AMP PROBE RVPRAP,138,,
MYCOPLASMA IGM ANTIBODY,173,,
MYELIN BASIC PROTEIN CSF,78,,
MYELOPEROX AB IMM NOS,93,,
MYOGLOBIN SERUM,80,,
N TELOPEPTIDE XLINK SERUM,184,,
NEG PRESS WOUND TX< =50 C,"1,461",,
NEISSERIA GONORRHOEAE ANT,77,,
NEUROBEHAVR STATUS EXAM 1,941,,
NEUROBEHAVR STATUS EXAM A,450,,
NEUROMUSC RE-ED 1:1 EA15,312,,
NEUROPSY ADMIN DR/QHP 1ST,480,,
NEUROPSY ADMIN DR/QHP ADD,380,,
NEUROPSY EVAL DR/QHP 1ST,504,,
NEUROPSY EVAL DR/QHP ADD,400,,
NEWBORN HRNG SCRNG INIT,202,,
NIPT,"1,899",,
NK CELLS TOTAL COUNT,148,,
NM BONE IMG 3 PHASE,"2,717",,
NM BONE IMG WHOLE BODY,"2,313",,
NM BONE SPECT CT SA SD,"5,548",,
NM BONE SPECT SA SD,"3,904",,
NM CSF FLOW SHUNT EVAL IM,"1,299",,
NM GALLBLADDER EF,"2,386",,
NM GASTRIC EMPTY SOLID/LI,"1,720",,
NM GI BLEEDING IMG,985,,
NM HEPATOBILIARY IMG,"1,470",,
NM INFLAMM LOC GALLIUM WB,"3,032",,
NM INFLAMM LOC WBC SA SD,"1,525",,
NM KIDNEY IMG FLOW FUNC W,"2,219",,
NM KIDNEY IMG LASIX,"1,477",,
NM LYMPHOSCINTIGRAPHY,"3,204",,
NM MECKELS IMG,"1,300",,
NM MIBG MULT AREA (SA MD),"1,707",,
NM MUGA RESTING STUDY,"2,607",,
NM NUCLEAR STRESS MULTI P,"6,579",,
NM PARATHYROID PLANAR IMG,"1,731",,
NM PULM PERFUSION IMG,"1,155",,
NM PULM VENTILATON PERFUS,"1,644",,
NM RAI TX THYROID CA,"1,253",,
NM SARCOID MYOCARD SPECT,"3,069",,
NM THYROID IMG W UPTAKE(S,"1,596",,
NM THYROID METS UPTAKE AD,615,,
NM THYROID POST THERAP IM,"2,414",,
NM TUMOR LOC WB MD,"4,446",,
NM TX RPX IV,811,,
NON MD PHONE E&M 11-20MIN,31,,
NON MD PHONE E&M 5-10MIN,15,,
NORMAL DELIVERY,"3,600",,
NUCLEOTIDASE 5,90,,
NUTRITION THERA INITIL IN,150,,
O/P VISIT-ESTB PT LEVEL 3,600,,
OASAS PREV MED EST PT(=>6,275,,
OASAS PREV MED EST PT(18-,162,,
OASAS PREV MED EST PT(40-,261,,
OBSTETRICAL EVAL ROOM,800,,
OBTAIN SCREENING PAP SMEA,59,,
OCCLUSAL,"1,242",,
OCCULT BLD FECES DX 1-3 S,26,,
OCCULT BLD FECES SCR 1-3,29,,
OLIGOCLONAL BANDS CSF,89,,
OPTH E/M COMP EST PT 1+VI,423,,
OPTH E/M COMP NEW PT 1+VI,377,,
OPTH E/M INTERM EST PT,282,,
OPTH E/M INTERM NEW PT,233,,
OPTOKINETIC,336,,
OR L&D EACH ADD .5 HR,"1,600",,
OR L&D UP TO 1 HR,"5,000",,
OR L&D UP TO 1.5 HRS,"7,500",,
OR TIME EACH ADD .5 HRS,"1,700",,
OR TIME UP TO .5 HR,"6,500",,
OR TIME UP TO 1 HR,"9,010",,
ORGANIC ACID METHHOMO BO,150,,
ORGANIC ACID SCR URINE QU,42,,
ORTHODONTIC RETENTION,400,,
ORTHOT FIT/TRN INIT E15M,323,,
ORTHOTIC PROSTH M&T EA 15,258,,
OSCILLATING TRACKING TEST,341,,
OSMOLALITY SERUM,54,,
OSMOLALITY URINE-RANDOM,53,,
OSMOTIC FRAGILITY RBC INC,139,,
"OSSEUS SURGERY>=4TEETH,QU","1,242",,
OT EVAL HIGH COMPLEXITY,358,,
OT EVAL LOW COMPLEXITY,310,,
OT EVAL MODERATE COMPLEXI,341,,
OT RE EVALUATION,181,,
OTOACOUSTIC EMISSIONS 3-6,"1,039",,
OTOACOUSTIC EMISSIONS=>12,624,,
OVA AND PARASITES STOOL,143,,
OXALATE RANDOM URINE,73,,
OXCARBAZEPINE LEVEL,106,,
PAI-1 ACTIVITY,96,,
PAI-1 POLYMORPHISM 4G/5G,255,,
PALLIATIVE TX PAIN,131,,
PANORAMIC FILM,198,,
PAP SMEAR THIN LAYER DIAG,137,,
PARAFFIN BATH THERAPY,112,,
PARATHYROID HORMONE INTAC,486,,
PARE/CUT B KERA LESION >4,531,,
PARE/CUT B KERA LESION 2-,299,,
PARE/CUT B KERA LESION SI,219,,
PARVOVIRUS ANTIBODIES BO,132,,
PATH CONSL DUR SURG GROSS,157,,
PATHCONSULT-OR CYTO EXAM,754,,
PC COR THROMBECTOMY MECH/,"1,500",,
PC INSRT VAD ART LT H S&I33990,"4,316",,
PC RMVL VAD LT HEART /33992,"3,699",,
PEER COUNSELING,133,,
PERC TAVR/TAVI PROS VALV/,"11,155",,
PERC TCATH LAA CLSR W IMP,"18,000",,
PERCUTANEOUS TIB NRV STIM,450,,
PERIODIC ORAL EVALUATION,114,,
PERIODIC ORTHODONTIC TX V,232,,
PERIODONTAL MAINTENANCE,150,,
PERIPHERAL VASC REHAB,190,,
PERI-PROC DEV EVAL S/D/M,250,,
PERI-PROC DEV EVAL S/D/M,726,,
PET BRAIN ALZHEIMERS VS F,"6,718",,
PETCT SKUL-THI ONC FDG SU,"4,599",,
PETCT WB ONC FDG SUBS,"5,085",,
PH BODY FLUID NOS,25,,
PHARMACOLOGIC NUC STRESS,"1,875",,
PHENOBARBITAL LEVEL,164,,
PHLEBOTOMY THERAPEUTIC,"1,177",,
PHOSPHATIDYLETHOL PETH BL,153,,
PHOSPHATIDYLSERINE AB,210,,
PHOSPHORUS,44,,
PHOSPHORUS RANDOM URINE,55,,
PHYS PHONE E&M 11-20 MINS,82,,
PHYS PHONE E&M 21-30 MINS,130,,
PHYS PHONE E&M 5-10 MINS,40,,
PHYSICS CONSULT,"3,874",,
PHYSIOL EXTREM LOW 1-2 LE,755,,
PHYSIOL EXTREM LOW 3+ LEV,"2,137",,
PLACE MARKERS PROSTATE PE,"4,959",,
PLATELET CT AUTO BLUE TOP,37,,
PLD5 INSERTION,"2,450",,
PNEUM AB IMMUNO QUANT BO,161,,
POLYSOMN LES6Y MIN4 PARAM,"6,204",,
POLYSOMN LES6Y MIN4 PARAM,"6,572",,
POLYSOMN MIN6Y MIN4 PARAM,"8,748",,
POLYSOMN MIN6Y MIN4 PARAM,"9,285",,
PONTIC-PORC FUSED HIGH NO,300,,
POOLING PLATELETS OTHR PR,183,,
PORPHOBILINOGEN RND UR QU,95,,
POTASSIUM FLUIDS,33,,
POTASSIUM PLASMA,36,,
POTASSIUM RANDOM URINE,40,,
PREALBUMIN,86,,
PRECISION ATTACHMT BY REP,450,,
PREFAB RESIN CROWN,380,,
PREFABRICATED POST & CORE,464,,
PREFABRICATGED ABUTMENT M,675,,
PREGNANCY PROFILE,103,,
PRENATAL GENOMEDX SNP,901,,
PREV COUNSEL/RISK REDUCT,155,,
PREV COUNSEL/RISK REDUCT,170,,
PRG DEVICE EVAL DUAL LD I,271,,
PRG DEVICE EVAL DUAL LEAD,219,,
PRG DEVICE EVAL MULT LEAD,326,,
PRG DEVICE EVAL S LD/LDLE,199,,
PRG DEVICE EVAL SINGLE LD,206,,
PRIMIDONE (MYSOLINE) LEVE,150,,
PROCAINAMIDE W/NAPA LEVEL,58,,
PROCALCITONIN (PCT),265,,
PROGESTERONE,147,,
PROINSULIN,94,,
PROLACTIN,262,,
PROMETHEUS BILLONLY CPT 8,667,,
PROPHYLAXIS - ADULT,230,,
PROPHYLAXIS - CHILD,112,,
PROPOXYPHENE SCREEN POUCH,199,,
PROSTATIC SPECIFIC AG BO,233,,
PROSTH TRN EXT(S) INIT E1,252,,
PROTEIN C ACTIVITY/AG REF,238,,
PROTEIN ELECT 24U/INTERP/,166,,
PROTEIN ELECT/INTERP/REFL,128,,
PROTEIN S FREE ACTIVITY,193,,
PROTEIN TOT RANDOM URINE,74,,
PROTEIN TOTAL FLUID,28,,
PROTEIN TOTAL SER/PLAS/WB,63,,
PROTHROMBIN TIME,61,,
PROTIME SUB PLASMA (50/50,135,,
PSA FREE AND TOTAL,133,,
PSA SCREEN TOTAL,332,,
PSY ASSESS 45M,853,,
PSY ASSESS W E/M 30M,665,,
PSY ASSESS W E/M 45M,842,,
PSY DX EVAL W MED SERV,911,,
PSY DX INTERVIEW,770,,
PSY TX FAMILY W PT,591,,
PSY TX GROUP,240,,
PSY TX INDIVIDUAL 30M,640,,
PSY TX MULTI FAM GRP,282,,
PSY/NEUROPSY ADMIN AUTO,71,,
PSY/NEURPSY ADMIN TECH 1S,450,,
PSY/NEURPSY ADMIN TECH AD,379,,
PSYCH TEST EVAL DR/QHP 1S,869,,
PSYCH TEST EVAL DR/QHP AD,450,,
PSYCHOTHERAPY WITH PT 60M,"1,276",,
PSYTX CRISIS 1ST 60 MIN,651,,
PSYTX CRISIS ADD 30 MIN,312,,
PT EVAL HIGH COMPLEXITY,358,,
PT EVAL LOW COMPLEXITY,310,,
PT EVAL MODERATE COMPLEXI,341,,
PT RE EVALUATION,181,,
PTA FEM POP ART SISC 3722,"10,198",,
PTCA EAAD MC/B/92921,"3,708",,
PTCA SGL MC/B/92920,"15,435",,
PTH CALCIUM BILL ONLY,55,,
PTH RELATED PROTEIN RIA,270,,
PUD5 INSERTION,"2,240",,
PULM REHAB W EXER 1HR,236,,
PULPOTOMY,290,,
PULSE OX SINGLE,155,,
PULSE OXIMETRY OVERNIGHT,389,,
PURE TONE AUDIOMETRY AIR,320,,
PYRUVATE,138,,
Q FEVER IGM ANTIBODIES,54,,
QUANTIFERON TB GOLD,281,,
QUICK/RAPID STREP TEST,66,,
R&B - CCU,"8,500",,
R&B - CTU CARDIAC THORACIC,"13,000",,
R&B - ICU,"8,500",,
R&B - ICU BURN,"8,500",,
R&B - ICU PEDIATRIC,"8,500",,
R&B - NURSERY LVL I,"3,430",,
R&B - NURSERY LVL II,"3,595",,
R&B - NURSERY LVL III,"3,965",,
R&B - NURSERY LVL IV,"4,000",,
R&B - PRIVATE,"5,935",,
R&B - SEMI-PRIVATE,"5,300",,
R&B - SEMI-PRIVATE DETOX,"3,210",,
R&B - SEMI-PRIVATE OB,"5,300",,
R&B - SEMI-PRIVATE PEDIATRIC,"5,300",,
R&B - SEMI-PRIVATE PSYCH,"3,470",,
R&B - SEMI-PRIVATE REHAB,"3,630",,
R&B - TELEMETRY,"7,970",,
RABIES NEUTRALIZING AB,184,,
RAD PORT IMAGE(S),"1,025",,
RAD TX CMPLX,"4,009",,
RAD TX SIMPLE,"1,441",,
RCT ANTERIOR 1 CANAL,250,,
RCT BICUSPID 2 CANALS,275,,
RCT MOLAR 4 CANALS,325,,
RECEMENT BRIDGE,200,,
RECEMENT CROWN,157,,
RECOVERY RM EACH ADD .5 HRS,275,,
RECOVERY RM UP TO .5 HR.,"1,680",,
RECOVERY RM UP TO 1 HR,"2,120",,
REDUCING SUBSTANCES URINE,15,,
REF CHROMOSOME NO GROWTH,376,,
RELINE PART DENT MAND LAB,350,,
REM IMAG DX OF RETINA DIS,82,,
REML DEVTLZD TIS NSD W/O,464,,
REML SQ CAR RHY MON 33286,"5,899",,
REMOVABLE APPLIANCE THRPY,400,,
RENAL FUNCTION PANEL,70,,
RENIN ACTIVITY PLASMA,256,,
REPLACE BKN TOOTH,150,,
RESIN COMP CROWN ANTERIOR,350,,
RETICULOCYTE AUTO,59,,
RETICULOCYTE PANEL NALITT,55,,
RETREATMENT ANTERIOR,700,,
RETREATMENT MOLAR,925,,
RETRT PREV RCT BICUSPID D,600,,
REV A/OC AMI SAPT SGL V/9,"16,618",,
REV BGRT/STNT/ATH/PTCA/92,"26,193",,
REV C/OC ABGR S/A/P S V/9,"16,400",,
RG DEVICE EVAL MULT LD IC,299,,
RHEUMATOID FACTOR QUANT,27,,
RIGHT HEART CATH 93451,"8,928",,
RISTOCETIN COFAC VW FACT,210,,
RMVL CAST GAUNTLET BOOT/B,689,,
RMVL DRUG DEL IMPLANT,883,,
RMVL IUD,"1,203",,
RMVL REINSRT DRUG DEL IMP,"1,182",,
ROCK MTN SPOT FEVER IGG (,160,,
ROTAVIRUS ANTIGEN,54,,
RPR RAPID PLASMA REAGIN,61,,
RPR TITER SYPHIL NON TREP,14,,
RSV VIRUS ANTIBODY,46,,
RUBELLA ANTIBODY,152,,
RUBEOLA AB (MEASLES) IGG,178,,
RUSSELL VIP VEN TIME DILU,196,,
RVP RAPID 12-25 PCR,"1,313",,
SALINE INF SONOHYS W COLO,705,,
SBRT LSN(S) 1-5FRAC(S)PER,"50,378",,
SC NM INJ CSF SHUNT TUBI,"2,034",,
SC S/I UNI/IPS VERT A/SI/,"5,543",,
SC XR INJ CYSTO OR VUCG,"3,147",,
SC XR INJ HIP ARTH WO AN,"2,369",,
SC XR INJ HYSTEROSALPING,"2,535",,
SC XR INJ SHOULDER ARTHR,"6,947",,
SC XR INJ URETHROCYSTOG,"4,143",,
SC&RPLANING>=4TEETH QUAD,444,,
SCANNING LASER OPTIC NVE,192,,
SCANNING LASER RETINA I&R,192,,
SC-INT 2ND ORDER THOR/BC,"7,447",,
SCREEN TST PURE TONE AIR,188,,
SCRN/BRIEF INTV >30 MIN,260,,
SEALANT PER TOOTH,40,,
SED RATE AUTOMATED,27,,
SELENIUM LEVEL,224,,
SENSITIVITY MIC EACH,89,,
SENSOR EXAM W MULT MEAS I,199,,
SENSORY INTEGRATE 1:1 EA,122,,
SEROTONIN LEVEL WB,318,,
SERV PROVIDED EVE/WKND/HO,96,,
SHIGA TOXIN,80,,
SICKLE CELL SCREEN,75,,
SIMULATION COMPLEX,"7,200",,
SIMULATION SIMPLE,"3,673",,
SIROLIMUS LEVEL,159,,
SMPD1 GENE COM VAR BO,296,,
"SODIUM SERUM, PLASMA,WB",45,,
SOMATOMEDIN C (ILGF-1),368,,
SP ABSCESS TUBE CHECK SI,"1,168",,
SP ANGIO ADRENAL SEL LT,"3,333",,
SP ANGIO EXTREMITY LT SI,"5,298",,
SP ANGIO PELVIC SEL SI,"6,779",,
SP ANGIO PULM SEL BI SI,"5,183",,
SP ANGIO SEL EA ADDL VES,"1,963",,
SP ANGIO SPINAL SEL SI,"9,001",,
SP ANGIO VISCERAL SELECT,"8,708",,
SP AORTOGRAM ABDOMINAL S,"5,441",,
SP AORTOGRAM THORACIC SI,"7,262",,
SP CHANGE DRN/OTHER TUBE,664,,
SP EMBLZ TRNSCATH TX SI,"3,270",,
SP FLUOR GD SP INJ NO F/,493,,
SP FLUOR GUID CV CATH PR,554,,
SP FLUOR GUID NDL PLC,660,,
SP FLUORO GUID PLC DRN C,509,,
SP PRTGRM TRANSHEP W HD,"4,837",,
SP PRTGRM TRANSHEP WO HD,"2,787",,
SP US GUID PLC NDL SI,"1,057",,
SP US GUID VASC ACCESS,661,,
SP VENOGRAM EXT LT SI,"1,875",,
SP VENOGRAM HEPAT W HD S,"5,298",,
SP VENOGRAM HEPAT WO HD,"3,500",,
SP VENOGRAM IVC SI,"5,294",,
SP VENOGRAM SVC SI,"1,881",,
SPACE MAINT FIXED MANDIB,"1,553",,
SPACE MAINT FIXED MAXIL B,"1,553",,
SPACE MAINTAINER-FIXED-UN,"1,242",,
SPACE MAINTANR-REM-UNILAT,"1,553",,
SPEC COLLECT FEE N,109,,
SPEC STAIN GR I TC IN PC,353,,
SPEC STAIN GR II TC IN PC,376,,
SPEC TX PROCEDURES,"5,082",,
SPECIAL AUDIOMETRIC TEST,543,,
SPECIAL STN GRP III INTRP,"1,152",,
SPECIAL TELETHERAPY PLAN,"3,885",,
SPEECH AUDIO THRES W SP R,196,,
SPEECH AUDIOMETRY THRESHO,152,,
SPINAL MUSCULAR ATROPHY,190,,
SPIROMETRY BEDSIDE,520,,
SPLITTING BLOOD PRODUCTS,175,,
SPT THER IND 0-30MIN,382,,
SRS CRANIAL LINAC 1 SESS,"43,643",,
STAINLESS STEEL CROWN - P,380,,
STAINLESS STEEL CROWN - P,345,,
STENT FEMPOP ART SISC 372,"15,302",,
STENT ILIAC ART INIT SISC,"14,551",,
STENT W ATHER FEMPOP SISC,"20,610",,
STENT WWO PTCA EAD MC/B/9,"4,125",,
STENT WWO PTCA SGL MC/B/9,"26,193",,
STONEDIAG SOD URINE BO,37,,
STOOL PATH ADDL EACH PLAT,39,,
STRAPPING ANKLE AND/FOOT,504,,
STRAPPING UNNA BOOT,517,,
STREP PNEUMONIAE ANTIGEN,69,,
STREP THROAT PCR,89,,
STRESS ECHO TTE#,"2,411",,
SUSCEPTIBILITY BY KIRBY B,70,,
SVC COORDINATION E15M,54,,
SWAN-GANZ PLACEMENT/ 9350,"3,030",,
T B LYMPH TRANS MIT DIF P,228,,
T CELLS TOTAL COUNT,196,,
T3 REVERSE,189,,
T3 TOTAL (TT-3),162,,
T3 UPTAKE,54,,
T4 (THYROXINE) TOTAL,99,,
T4 THYROXINE FREE,190,,
TACROLIMUS LEVEL,151,,
TANGENTIAL BX SKN SINGL L,450,,
TAVR/TAVI OPEN AXIL APPR/,"12,602",,
TAY-SACHS DNA MUTATION EA,574,,
TCATH MV REPR PERC ADD 33,"1,413",,
TCATH MV REPR PERC INIT 3,"2,396",,
TEE - INTRAOPERATIVE,"3,921",,
TELE PLAN C,"4,927",,
TELE PLAN S,"4,006",,
TEMP TRNSVNS PCMKR E/C/ 3,"6,756",,
TEMPORARY CROWN,250,,
TESTOSTERONE FREE AND TOT,224,,
TESTOSTERONE TIMED STUDY,356,,
TETANUS ANTIBODY,106,,
THEOPHYLLINE LEVEL,89,,
THERAPEUTIC APHERES PLATE,"3,695",,
THERAPEUTIC APHERESIS PLA,"3,972",,
THERAPEUTIC APHERESIS RBC,"3,801",,
THROMBIN TIME PLASMA,40,,
THYROID STIM IMMUNO (TSI),710,,
THYROXINE BINDING GLOBULI,156,,
TIBC IRON BINDING CAPACIT,113,,
TICK BORNE AB PANEL SERUM,114,,
TILT TABLE EVALUATION/ 93,"9,373",,
TISSUE CUL CHROM BONE MAR,776,,
TISSUE CULT AMNIOTIC FLUI,535,,
TISSUE CULTURE NON-NEO OT,844,,
TMNT-SWALLOWING DYSFNCTN,306,,
TOBRAMYCIN LEVEL TROUGH,119,,
TOPICAL APPL FLUORIDE.D12,82,,
TOPIRAMATE LEVEL,106,,
TOTAL CONTACT CAST,"1,121",,
TOXOPLASMA AB IGG,141,,
TOXOPLASMA IGM TORCH BO1,138,,
TRANSCATH PLAC RT DVC/COR,"2,977",,
TRANSCRANIAL DOPPLER COMP,"1,160",,
TRANSCRANIAL DOPPLER LIMI,573,,
TRANSFERRIN,103,,
TRANSFUSION BLOOD/COMPONE,"3,569",,
TRIGLYCERIDES,34,,
TROPONIN-I QUANT,114,,
TSH RECEPTOR AB,179,,
TSH-ESOTERIX,201,,
TTE CONGNT COMP W/O CON/,"1,515",,
TUMOR IHC TC IN PC IN,473,,
TX ACTIVITIES 1TO1 E15M,187,,
TX EXCERCS 1TO1 1/MOR ARE,269,,
TX PROCEDURE(S) GROUP,125,,
TYMPANOMETRY&REFLEX THRES,448,,
ULTRASOUND THERAPY EACH 1,82,,
UNIVERSAL CARRIER SCREEN,170,,
UREA NITROGEN RANDOM URIN,39,,
URIC ACID,78,,
URIC ACID RANDOM URINE,58,,
URINALYSIS AUTO W/O MICRO,60,,
URINALYSIS NON AUTO WO MI,25,,
URINE PREGNANCY TEST,50,,
UROFLOWMETRY COMPLEX,753,,
US  TRANSRECTAL,769,,
US ABDOMEN COMPLETE,"1,323",,
US ABDOMEN LIMITED,847,,
US BRAIN,730,,
US CHEST,765,,
US INFANT HIPS DYNAMIC W,766,,
US INFANT HIPS STATIC LTD,525,,
US INTVSC CORON INT VS/92,"4,721",,
US JOINT COMPLETE RT,868,,
US NONVASC EXT LTD RT,362,,
US OB >1ST TRI SINGLE/ 1S,608,,
US OB F/U PER FETUS,758,,
US OB FM EVL 1TR EA AD G,376,,
US OB FM EVL 1TR SGL/1G,632,,
US OB FNTM 1TR SGL/1G,445,,
US OB LIMITED 1+ FETUSES,678,,
US OB MDFA EVL 1TR EA AD,379,,
US OB MDFA EVL 1TR SGL/1G,838,,
US OB TRANSVAGINAL 76817,360,,
US OB<14WKS FNTM EAADDL G,124,,
US PARATHYROID,"1,303",,
US PELVIC COMPLETE,977,,
US RETROPERITONEAL COMPLE,"1,161",,
US RETROPERITONEAL LIMITE,935,,
US SCROTUM AND CONTENTS,977,,
US SPINAL CANAL AND CONTE,601,,
US TRANSRECTL PROST VOL B,828,,
US TRANSVAGINAL,978,,
US URINARY BLADDER,554,,
VAGINITIS WITH CANDIDA,187,,
VALPROIC ACID LEVEL TOTAL,129,,
VALVULOPLASTY-AORTA VALVE,"7,421",,
VANCOMYCIN LEVEL TROUGH,107,,
VARICELLA ZOSTER AB IGG,207,,
VEEG 2-12HR UNMONITORED,"5,139",,
VEEG EA 12-26HR CONTIN MO,"12,690",,
VEEG EA 12-26HR UNMONITOR,"7,880",,
VENOGRAPHY EXT BILAT SI/,"2,524",,
VENTILATOR FIRST DAY,931,,
VENTILATOR SUBSEQUENT DAY,846,,
VESTIBULOPLASTY RDG EXT,800,,
VIP VASOACT INT PEPT,221,,
VIRAL CULTURE NON RESPIRA,263,,
VIRUS ISOLATE HSV BO,216,,
VISCOSITY SERUM,107,,
VISUALFIELD EXAM EXT UNI,473,,
VITAMIN A,114,,
VITAMIN B1 THIAMINE,153,,
VITAMIN B12 BINDING,171,,
VITAMIN B12 SERUM,174,,
VITAMIN B-2 RIBOFLAVIN,123,,
VITAMIN B3 NIACIN,96,,
VITAMIN B6 (PYRIDOXAL PHO,213,,
VITAMIN C (ASCORBIC ACID),57,,
VITAMIN D 1-25 DIHYDROXY,458,,
VITAMIN D 25 HYDROXY,237,,
VITAMIN E TOCOPHEROL ALPH,201,,
VITAMIN K,203,,
VOICE PROSTHETIC MODIFIC/,379,,
VOID PRESSR STUDY INTRA A,"1,162",,
VRA-VISUAL REINFORCEMENT,457,,
VWF MULTIMER ANALYSIS,197,,
WET PREP,68,,
WHEELCHAIR MNGMT EA 15MIN,181,,
WHIRLPOOL THERAPY OT,128,,
XPERT XPRS COV2/FLU AB/RS,500,,
XR ABDOMEN 2V,296,,
XR ABDOMEN MINIMUM 3V,325,,
XR ACUTE ABDOMEN>1V W 1V,527,,
XR ANKLE 2 VIEWS RT,463,,
XR ANKLE COMP MIN 3 VIEWS,479,,
XR ARTHROGAPH SHOULDER R,"1,026",,
XR ARTHROGRAPH HIP RT SI,"1,045",,
XR BARIUM ENEMA DBL CON S,679,,
XR BONE AGE STUDY,701,,
XR BONE SURVEY COMPLETE,343,,
XR BONE SURVEY INFANT,280,,
XR C SPINE AP LAT DENS 2-,443,,
XR C SPINE COMPLETE 4-5 V,950,,
XR C SPINE OBL FLX EXT6+V,"1,068",,
XR CALCANEOUS MIN 2 VIEWS,310,,
XR CHEST DECUBITUS BI 3V,397,,
XR CHEST PA LAT 2V,387,,
XR CHEST PA LAT W OBLIQUE,500,,
XR CHEST PORTABLE  ROUTIN,234,,
XR CHOLANGIOGRAM INTRAOP,511,,
XR CLAVICLE COMPLETE LT,372,,
XR CYSTOGRAPHY GRT/EQL 3,925,,
XR ELBOW 2 VIEWS LT,291,,
XR ELBOW COMP MIN 3V LT,454,,
XR ENEMA TX INTUSSUSCEPTI,447,,
XR ESOPH SNGL CON STUDY,784,,
XR FACIAL BONE COMP 3V OR,343,,
XR FACIAL BONES LESS THAN,194,,
XR FEMUR 2 VIEWS RT,263,,
XR FINGER(S) MIN 2 VIEWS,410,,
XR FOOT 2 VIEWS RT,338,,
XR FOOT COMP MIN 3 VIEWS,481,,
XR FOREARM 2 VIEWS LT,295,,
XR HAND 2 VIEWS RT,343,,
XR HAND MIN 3 VIEWS RT,410,,
XR HIP 1V LT,269,,
XR HIP 2-3V RT,402,,
XR HIPS BI 3-4V,656,,
XR HUMERUS MIN 2 VIEWS LT,324,,
XR HYPAQUE ENEMA SNGLCON,604,,
XR HYSTEROSALPINGOGRAPHY,"1,113",,
XR KNEE AP LAT 1-2V RT,303,,
XR KNEE COMP 4+ VIEWS RT,444,,
XR KNEE W PATELLA 3 VIEWS,404,,
XR KNEES AP STANDING BI,422,,
XR KUB 1 VIEW,194,,
XR LEG LENGTH STUDY,776,,
XR LS SPINE AP LAT 2-3 VI,438,,
XR LS SPINE MIN 4 VIEWS,801,,
XR LS SPINE W BEND MIN 6,881,,
XR LS SPINE W BEND ONLY 2,461,,
XR LWR EXT INFANT MIN 2V,199,,
XR MANDIBLE MIN 4 VIEWS,436,,
XR MYELOGRAPHY CERVICAL S,"1,335",,
XR MYELOGRAPHY LUMBOSACRA,"1,530",,
XR MYELOGRAPHY THORACIC S,"1,232",,
XR NASAL BONES MIN 3 VIEW,388,,
XR NECK SOFT TISSUE,522,,
XR PELVIS AP ONLY 1-2 VIE,343,,
XR PELVIS COMPLETE MIN 3,400,,
XR PUNC LUMBAR DX SISC,"4,092",,
XR RIBS 2 VIEWS LT,487,,
XR RIBS 3 VIEWS BI,746,,
XR RIBS W PA CHEST 3 VIEW,551,,
XR RIBS W PA CHEST MIN 4V,925,,
XR SACROILIAC JNTS 3+ VIE,579,,
XR SACRUM COCCYX MIN 2 VI,618,,
XR SCAPULA COMPLETE RT,409,,
XR SHOULDER AXILLARY 1 VI,311,,
XR SHOULDER COMP MIN 2V R,489,,
XR SHUNTOGRAM VP SHUNT SI,492,,
XR SINUSES PARANASAL LES,210,,
XR SINUSES PARANASAL MIN,753,,
XR SKULL COMP MIN 4 VIEWS,437,,
XR SKULL LESS THAN 4V,343,,
XR SM INTEST DBL CON STDY,"1,326",,
XR SM INTEST FOLLO THRU A,"1,950",,
XR SM INTEST SNGL CON STD,581,,
XR SPINE 1 VIEW,194,,
XR SPINE ENTIRE THOR LUM,894,,
XR SPINE ENTIRE THOR LUM1,490,,
XR SPINE ENTIRE THOR LUM4,"1,049",,
XR SPINE THOR LUM JUNCTIO,381,,
XR STERNUM MIN 2 VIEWS,227,,
XR SWAL FUNC CIN VID CON,567,,
XR T SPINE 2 VIEWS,522,,
XR T SPINE AP LAT SWIM 3,531,,
XR T SPINE MIN 4 VIEWS,635,,
XR TIB FIB AP LAT 2 VIEWS,295,,
XR TMJ BI,348,,
XR TOE(S) MIN 2 VIEWS RT,369,,
XR UGI SNGL CON STDY,731,,
XR UPR EXT INFANT MIN 2V,324,,
XR URETHROCYSTOGRAPH RET,598,,
XR VOIDING CYSTOGRAPHY S,956,,
XR WRIST COMP MIN 3 VIEWS,454,,
XR WRIST POST RED AP LAT,320,,
X-RAY BITEWING 1 FILM D02,"1,169",,
"X-RAY, BITEWINGS, 2 FILMS","1,242",,
"X-RAY, BITEWINGS, 4 FILMS","1,503",,
"X-RAY, PERIAPICAL 1ST FIL",50,,
"X-RAY,PERIAPICAL EA ADD'L",28,,
"X-RAYS, FULL MOUTH SERIES",236,,
YERSINIA ANTIBODY,196,,
ZINC LEVEL RBC,107,,
ZONISAMIDE LEVEL,63,,